Director1,Director2,Director3
Jorge Michel Grau,,
Gilbert Chan,,
Shane Acker,,
Robert Luketic,,
Serdar Akar,,
Kevin Reynolds,,
Shravan Kumar,,
Vikram Bhatt,,
Zak Hilditch,,
Diego Enrique Osorno,,
Nottapon Boonprakob,,
Kunle Afolayan,,
Paul Greengrass,,
Swapnaneel Jayakar,,
Fernando Lebrija,,
Michael Kennedy,,
Robert McCullough Jr.,,
Cristina Jacob,,
Cristina Jacob,,
Lyric R. Cabral,David Felix Sutcliffe,
Frank Ariza,,
Mohamed Diab,,
Karyn Kusama,,
Muharrem Gülmez,,
Ozan Açıktan,,
Óskar Thór Axelsson,,
Adam Deyoe,,
Leif Tilden,,
Adze Ugah,,
Nicolas Brossette,,
Roland Emmerich,,
Marcel Barrena,,
Melinda Janko,,
Shrihari Sathe,,
Sam Upton,,
Victor Zarcoff,,
Daniel Stamm,,
Ava DuVernay,,
Daniel Lee,,
Scott Hussion,Seth Fuller,
Adam Davis,Jerry Kolber,Trey Nelson
Richard Donner,,
Salvador Calvo,,
Raymond Wood,,
Abhishek Varman,,
Morgan Neville,,
Hasraf Dulull,,
Mike Mills,,
Jon Lucas,Scott Moore,
Joey Curtis,,
Brian Smrz,,
Simranjit Singh Hundal,,
Geun-hyun Cho,,
Nicanor Loreti,,
Simon Napier-Bell,,
Nagesh Kukunoor,,
Gaby Dellal,,
Iman Brotoseno,,
Rajkumar Hirani,,
Shazia Javed,,
Sinan Akkuş,,
Hani Hamdi,,
Maciej Dejczer,,
Jack C. Newell,,
Marco Deufemia,Justin G. Dyck,
Gerardo Olivares,,
Andrew Nackman,,
Anggy Umbara,,
Richard Loncraine,,
Marco Risi,,
Victor Levin,,
Jonathan Levine,,
Rizal Mantovani,,
Marja Lewis Ryan,,
Toa Fraser,,
Michael Bay,,
Hannah Fidell,,
Bharat Jain,,
Trent Haaga,,
Nizar Shafi,,
Roger Gual,,
Meenu Gaur,Farjad Nabi,
Vishal Bhardwaj,,
Anita Udeep,,
Steve Gukas,,
Clay Glen,,
Everardo González,,
Andrew Lau Wai-Keung,,
Padmakumar Narasimhamurthy,,
John Asher,,
Alex Zamm,,
John Schultz,,
John Schultz,,
Thomas Astruc,,
Mark Rosman,,
Michelle Johnston,,
Stephen Gyllenhaal,,
Savage Steve Holland,,
Tyler Perry,,
Tom Fassaert,,
Mark Williams,,
Robbie Countryman,,
Remo D'Souza,,
Bille August,,
David Wain,,
David Lowery,,
Roman Coppola,,
Richard Mears,,
Erik Nelson,,
Teo Konuralp,,
Thomas Stuber,,
Jim Fall,,
Herman Yau,,
Andy Goddard,,
Yeo Siew Hua,,
Chris Bell,,
Alan Rickman,,
Maryo J. De los Reyes,,
Thomas Sorriaux,,
Ahmad El-Badri,,
J.C. Chandor,,
Christopher S. Rech,Brandon Kimber,
John Fortenberry,,
Joram Lürsen,,
Michael Lennox,,
Nicole Conn,,
Kees Van Oostrum,,
Marina Seresesky,,
Henry Sarwer-Foner,,
Ishaan Trivedi,,
Cathy Garcia-Molina,,
Asghar Farhadi,,
Ethan Coen,Joel Coen,
Naoko Yamada,,
Tom Ford,,
Diego Lerman,,
Maria Burton,,
Larry Elikann,,
Evan Spiridellis,Jeff Gill,
Natalie Portman,,
Trisha Ziff,,
Robert O. Peters,,
Álvaro Brechner,,
Sofia Coppola,,
Neeraj Pandey,,
Gregory Caruso,,
Justin G. Dyck,,
Ava DuVernay,,
K. Rajagopal,,
Kazuya Murata,,
Rusty Nixon,,
Oliver Daly,,
Ömer Faruk Sorak,,
Midhun Manuel Thomas,,
Indrajit Nattoji,,
Chandrakant Kulkarni,,
Rajiv Mehra,,
V C Abhilash,,
Raj Kumar Gupta,,
Prakash Jha,,
Nagesh Kukunoor,,
Umesh Mehra,,
Uttung Shelar,,
Ravi Babu,,
Atanu Ghosh,,
Remo D'Souza,,
Remo D'Souza,,
Skye Borgman,,
Hashim Nadeem Khan,,
A. L. Vijay,,
Jung-ah Im,Seung-uk Jo,
Chad Van De Keere,,
Chris Weitz,Paul Weitz,
Richard Curtis,,
Daniela Goggi,,
Alfonso Serrano Maturino,,
Cheang Pou Soi,,
Ralph Macchio,,
Julien Christian Lutz,,
Julie Taymor,,
Mahsun Kırmızıgül,,
Vipul Amrutlal Shah,,
Isaac Florentine,,
Jay Karas,,
Steve Brill,,
Robert Markowitz,,
Fazila Allana,,
Anne Fontaine,,
Sandeep Chatterjee,,
Jennifer Phang,,
Kyle Rideout,,
Jenny Gage,,
Nadia Hallgren,,
Bryce Wagoner,,
Brittany Andrews,,
Rodrigo Reyes,,
Nicolás López,,
Terry Loane,,
Peter Ho,,
Rarecho,,
Mariano Baez,,
Ram Gopal Varma,,
Shivam Nair,,
Alison Klayman,,
Biswajeet Bora,,
Abbas Alibhai Burmawalla,Mastan Alibhai Burmawalla,
Neeraj Pandey,,
Sachin Kundalkar,,
Devashish Makhija,,
Pali Yahya,,
Raúl Campos,Jan Suter,
Soumitra Ranade,,
Castille Landon,,
Gervasio Iglesias,Alexis Morante,
Craig Johnson,,
Luis Ara,,
Cem Yılmaz,,
Jay Karas,,
Jay Karas,,
Latif Faiziyev,Umesh Mehra,
Martin Scorsese,,
J. Michael Long,,
Jeremiah Jones,,
Sean McNamara,,
Jeffrey Walker,,
Susan Glatzer,,
Eva Vives,,
Víctor García,,
Charlie Vaughn,,
Hao Wu,,
Chris Blake,,
Dan Villegas,,
Jonathan Levine,,
Matthew Hope,,
Yibrán Asuad,,
Pedro Coutinho,,
Eva Trobisch,,
Vincent Kok,,
Vincent Perez,,
Lee Tamahori,,
Richard Rich,,
Richard Rich,,
Greg Kohs,,
Adam Bhala Lough,,
Nahnatchka Khan,,
Rod Blackhurst,Brian McGinn,
Esteban Crespo,,
Atul Malhotra,,
Manmohan Desai,,
Khaled Youssef,,
Ryan Koo,,
Edward Cotterill,,
Charlie Siskel,,
Sam Mendes,,
Brendon Marotta,,
Barak Goodman,,
Sharon Grimberg,,
Mark Zwonitzer,,
Steven Bognar,Julia Reichert,
Wilson Coneybeare,,
Sarik Andreasyan,,
Tony Kaye,,
Andrea Arnold,,
Nick Davis,,
Mary Harron,,
Kenny Leon,,
Jerry G. Angelo,,
Ozan Açıktan,,
Lekh Tandon,,
Asif Kapadia,,
Amy Schumer,,
Amy Schumer,,
Karan Bali,,
Don Bluth,,
Phil Nibbelink,Simon Wells,
Larry Latham,,
Larry Latham,,
Wael Ehsan,,
Perry Lang,,
Ismail Farouk,Hazem Fouda,
Matheus Souza,,
Avinash Das,,
Carlos Marques-Marcet,,
Ísold Uggadóttir,,
Rajkumar Santoshi,,
Sriram Raghavan,,
Tim Blake Nelson,,
Lijo Jose Pellissery,,
Damien O’Connor,,
Peter Segal,,
Pan Nalin,,
Paul Thomas Anderson,,
Han Yan,,
Laura Alvea,José Ortuño,
N. Linguswamy,,
Jay Karas,,
Sohail Tatari,,
Paul Serafini,,
Andrew Niccol,,
Juan Zapata,,
Sherif Ismail,,
Anirban Majumder,,
Marcus Raboy,,
Adam Dubin,,
Raj Kaushal,,
Ken Barbet,,
Peyton Reed,,
Manish Jha,,
David Salzberg,Christian Tureaud,
J.F. Musial,Josh Vietze,
Gonzalo López-Gallego,,
Gareth Evans,,
Christian Desmares,Franck Ekinci,
Kleber Mendonça Filho,,
Jean-Patrick Benes,,
Christopher Chambers,,
Raúl Campos,Jan Suter,
Marie Madinier,,
Khaled El Halafawy,,
Eric Abrams,,
Nia Dinata,,
Arnab Chaudhuri,,
Tony Elliott,,
James Bamford,,
Brian Volk-Weiss,,
Jason Winer,,
Sarah Smith,,
Anubhav Sinha,,
Edwin,,
John Erick Dowdle,,
James L. Brooks,,
Samit Kakkad,,
Rana Ranbir,,
Santosh Sivan,,
Alex Lehmann,,
John Murlowski,,
Ricardo Maldonado,,
Sung-soo Kim,,
Mike Nicoll,,
Jason Stone,,
Mati Diop,,
Mez Tharatorn,,
David Morris,Jacqui Morris,
Fabrizio Copano,Augusto Matte,
Bonni Cohen,Jon Shenk,
Yam Laranas,,
Mike Rossiter,,
Jay Roach,,
Jay Roach,,
Jay Roach,,
Rohit Mittal,,
Gabe Ibáñez,,
Jesse V. Johnson,,
Anthony Russo,Joe Russo,
Levan Tsikurishvili,,
Johnny Kevorkian,,
Aleksandr Chernyaev,Fedor Lyass,
Prasanth Varma,,
Gangadhar Salimath,,
Enrique García Meza,,
Anthony D'Souza,,
Aziz Ansari,,
Will Lovelace,Dylan Southern,
Spike Jonze,,
Ajay Bahl,,
Shadab Khan,,
Milan Luthria,,
Sabir Khan,,
S.S. Rajamouli,,
S.S. Rajamouli,,
S.S. Rajamouli,,
S.S. Rajamouli,,
S.S. Rajamouli,,
S.S. Rajamouli,,
S.S. Rajamouli,,
Gauravv K Chawla,,
Çagan Irmak,,
Alejandro G. Iñárritu,,
Vijay Kumar Arora,,
Shikha Makan,,
José Eduardo Belmonte,,
Louise Alston,,
Rémy Four,Julien War,
Yanyong Kuruaungkoul,,
Adam MacDonald,,
Gonzalo López-Gallego,,
Dave Patten,,
Michael Petroni,,
Michael Bay,,
Michael Bay,,
Chris Baugh,,
Nattawut Poonpiriya,,
Jeff Tremaine,,
David Chirchirillo,,
Salima Koroma,,
Kheiron,,
Sumitra Bhave,Sunil Sukthankar,
Sujoy Ghosh,,
Simon Wells,,
Phil Weinstein,,
Phil Weinstein,,
Haissam Hussain,,
Burak Aksak,,
BB Sasore,,
Zoe Lister-Jones,,
Aaron Nee,Adam Nee,
Alo Sarkar,,
Tanit Jitnukul,,
Karan Anshuman,,
Manop Janjarasskul,,
Adisorn Tresirikasem,,
Jordi Llompart,,
Raja Menon,,
Mahmoud Sabbagh,,
Matthew Salleh,,
Kyran Kelly,,
Conrad Helten,,
Adam Wood,,
Zeke Norton,,
Karen J. Lloyd,,
Andrew Tan,Michael Goguen,
William Lau,,
Ezekiel Norton,,
Conrad Helten,,
Ezekiel Norton,,
Conrad Helten,Ezekiel Norton,Michael Goguen
Barbra Streisand,Jim Gable,
Olivia M. Lamasan,,
Ashwiny Iyer Tiwari,,
Kyle Newman,,
Anurag Basu,,
Esteban Vidal,,
Vikram Gandhi,,
Rajkumar Santoshi,,
David Zucker,,
Deep Joshi,,
Dava Whisenant,,
Katarina Launing,,
Mitch Gould,,
Hrishikesh Mukherjee,,
Kyzza Terrazas,,
Sagar Sarhadi,,
Puri Jagannadh,,
Lilibet Foster,,
Joshua Caldwell,,
Volker Arzt,Angelika Sigl,
Mel Smith,,
Cary Joji Fukunaga,,
Josh Wakely,,
Chris Robinson,,
María Jose Cuevas,,
Wenn V. Deramas,,
Mike Judge,,
Bruce W. Smith,,
Agasyah Karim,Khalid Kashogi,
Khaled El Halafawy,,
Julian Jarrold,,
Adam Shankman,,
Steve Hickner,Simon J. Smith,
Tinge Krishnan,,
Mike Flanagan,,
Fisher Stevens,,
Keiko Yagi,,
Katherine Fairfax Wright,,
Daniel J. Clark,,
Rajeev Chaudhari,,
Anthony Wonke,,
Constance Marks,,
Omoni Oboli,,
Jesse Handsher,Olivier Roland,
Felix Van Groeningen,Felix van Groeningen,
David Stubbs,,
Federico Veiroj,,
April Mullen,,
Jon Rosenbaum,,
Adam Marino,,
Joe Camp,,
Brandon Camp,,
Joe Camp,,
Joe Camp,,
Hannes Stöhr,,
Hakan Algül,,
Cate Shortland,,
Toshiyuki Kubooka,,
Toshiyuki Kubooka,,
Toshiyuki Kubooka,,
Todd Biermann,,
Ryan Polito,,
Tamer Bassiouni,,
Lonny Price,,
Ted Braun,,
Steve Boettcher,,
Scott Aukerman,,
Maria Pulera,,
Dharmesh Darshan,,
Khaled Marei,,
Sushrut Jain,,
Liam O'Donnell,,
Majid Majidi,,
Priyadarshan,,
Nishil Sheth,,
Vikramaditya Motwane,,
Rajiv Chilaka,,
Priyadarshan,,
Ram Gopal Varma,,
Jasbir Bijendra Bhati,,
Detlev Buck,,
Detlev Buck,,
Detlev Buck,,
Detlev Buck,,
Joey Kern,,
Shawn Levy,,
Scott Martin,,
Ken Kwapis,,
Kaspar Astrup Schröder,,
Savage Steve Holland,,
Ron Oliver,,
Nick Broomfield,,
Eva Orner,,
Jay Karas,,
Shannon Hartman,,
Mike Binder,,
Jay Karas,,
Jay Karas,,
John Fortenberry,,
Chris Bould,,
Chris Bould,,
Kevin Booth,David Johndrow,
Jason Sussberg,David Alvarado,
Priyadarshan,,
Stephen Daldry,,
Vonda Harrell,Daniel Camenisch,
Indrasis Acharya,,
Gajendra Ahire,Viju Mane,Girish Mohite
Sermiyan Midyat,,
Susanne Bier,,
Otilia Portillo Padua,,
Mikhail Red,,
Emanuel Hoss-Desmarais,,
Marianna Palka,,
Ham Tran,,
Miguel Conde,,
Supavitra Babul,,
Mark Harris,,
Ridley Scott,,
Jose Manuel Colón,,
Ahmet Katıksız,,
Ryan Coogler,,
Alexander Nevsky,,
Kevin MacDonald,,
Jesse Gustafson,,
Craig Brewer,,
Martin Hodara,,
Gabriela Cowperthwaite,,
Daniel Alfredson,,
Hiroyuki Seshita,,
Shinsuke Sato,,
Noriyuki Abe,,
Noriyuki Abe,,
Mahmoud al Massad,,
Clovis Cornillac,,
Johnnie To,,
Deane Taylor,,
Andrew Wessels,,
July Hygreck,,
Vishal Mahadkar,,
Lucky McKee,,
Miguel Cohan,Miguel Cohan,
Ted Demme,,
Abdellatif Kechiche,,
Woody Allen,,
Alex Lehmann,,
Lev L. Spiro,,
Jeremy Saulnier,,
Derek Cianfrance,,
Barry Avrich,,
Nawapol Thamrongrattanarit,,
Bo Burnham,Christopher Storer,
Bo Burnham,Christopher Storer,
Jeremy Kenyon Lockyer Corbell,,
Elvira Lind,,
Raj Kapoor,,
Dawn Porter,,
Gabriel Clarke,Torquil Jones,
Brendan Byrne,,
Jay Surridge,,
Nisheeta Keni,,
Jorge M. Fontana,,
Geoffrey Orthwein,Andrew Sullivan,
Nagesh Kukunoor,,
Byron Howard,Chris Williams,
Luis Alberto Restrepo,Andrés Beltrán,Jaime Rayo
Borja Cobeaga,,
Pia Sukanya,,
Zoya Akhtar,Dibakar Banerjee,Karan Johar
Riccardo Pilizzeri,,
Alexandra Dean,,
Jelle de Jonge,,
Alain Desrochers,,
Erik Canuel,,
Kaizad Gustad,,
Hernán Zin,,
Hernán Zin,,
Gary Cohen,Ross Hockrow,
Gayane Petrosyan,,
Anthony D'Souza,,
Richard Sears,,
Alê Abreu,,
Chris Stokes,,
Mar Targarona,,
Todor Chapkanov,,
Jay Chapman,,
Qaushiq Mukherjee,,
Gerard Barrett,,
Michael Doneger,,
Cecilia Peck,,
Jody Lambert,,
Lawrence Cheng,,
Sridhar Rangayan,,
Vadim Jean,,
Simon Baker,,
Sandra Restrepo,,
Troy Miller,,
Rian Johnson,,
Mae Czarina Cruz,,
David Ayer,,
David Ayer,,
Nikhil Nagesh Bhat,,
Park Joon-hwa,,
Robert Adetuyi,,
Antoine Fuqua,,
Julien Abraham,,
Onur Bilgetay,,
Lu Yang,,
Todd S. Yellin,,
Vivieno Caldinelli,,
Vivieno Caldinelli,,
Vivieno Caldinelli,,
Tejas Prabha Vijay Deoskar,,
Xavier Gens,,
Marcelo Galvão,,
Harry Chaskin,,
Soumendra Padhi,,
Mike Wiluan,,
Andreas Johnsen,,
Rima Das,,
Paul Solet,Rick Benattar,
Don Michael Paul,,
David McCracken,,
Steve Antin,,
Jon Manning,,
Yann Gozlan,,
Lee Chang-dong,,
Phillip Youmans,,
Gerard McMurray,,
Cary Murnion,Jonathan Milott,
Sarah Adina Smith,,
Daniel Mann,,
Erik Matti,,
Hakan Algül,,
Sachin Yardi,,
Daniele Thompson,,
Travis Zariwny,,
Angga Dwimas Sasongko,,
Néstor Sánchez Sotelo,,
Asim Abbasi,,
Madhur Bhandarkar,,
Matt Palmer,,
Momoko Kamiya,,
Momoko Kamiya,,
Philippa Lowthorpe,,
Vlad Yudin,,
Daniel Goldhaber,,
Alexis Morante,,
Carlos Bolado,,
Scott Marshall Smith,,
Lisa Arnold,,
Peter Sattler,,
Ben Shelton,,
Shanawaz Nellikunnil,,
Bernard Rose,,
Mae Czarina Cruz,,
Noushad,,
Olivier Marchal,,
Mark O'Connor,,
Maha Venkatesh,,
Chito S. Roño,,
Yolanda Ramke,Ben Howling,
Jan Suter,Raúl Campos Delgado,
Raúl Campos,Jan Suter,
Brian De Palma,,
David Carson,,
Susan Johnson,,
Àlex Pastor,David Pastor,
Matt Piedmont,,
Hubert Woroniecki,,
Wong Jing,,
Wong Jing,,
Kitty Green,,
Richard Brooks,,
Steven Spielberg,,
Kagiso Lediga,,
Shalini Kantayya,,
Onur Tukel,,
Brad Peyton,,
Aaron Hancox,Michael McNamara,
Henrik Martin Dahlsbakken,,
Troy Miller,,
Pascal Amanfo,,
Shivendra Singh Dungarpur,,
Nicholas Hytner,,
Mahesh Bhatt,,
Harry Baweja,,
Prakash Balwant Saini,,
Aatmaram Dharne,,
David Dhawan,,
Umer Adil,,
Aziz Mirza,,
Rajiv Mehra,,
Sudhir Mishra,,
Ken Ghosh,,
Arne Birkenstock,,
Garin Nugroho,,
John Curran,,
Neill Blomkamp,,
Tim Burton,,
McG,,
McG,,
Charles A. Nichols,Iwao Takamoto,
David Dhawan,,
Kevin Smith,,
Jeff Orlowski,,
Wong Jing,Jason Kwan,
John Scheinfeld,,
Guilherme Fontes,,
Gurvinder Singh,,
Lee Yoon-jung,,
James Yukich,,
Lance Bangs,,
Rohit Shetty,,
Bradley Parker,,
Sidheswar Shukla,Asit Mohapatra,
Asit Mohapatra,Shyamal Chaulia,
Shyamal Chaulia,Asit Mohapatra,
Rajiv Chilaka,Binayak Das,
Anuranjan Premji,,
Mark Dindal,,
Niyi Akinmolayan,,
John Smithson,,
Tom Holland,,
Vikas Bahl,Nitesh Tiwari,
Tan Bing,,
Luis Lopez,,
Bedabrata Pain,,
Ken Hughes,,
Atom Egoyan,,
Jean-Claude La Marre,,
Sachin Yardi,,
Andrew Sandler,,
Bill D'Elia,,
Bill D'Elia,,
Bo Burnham,,
Phil Joanou,,
Corbin Bernsen,,
Jay Karas,,
Antonio Campos,,
Michael Kampa,,
Marita Grabiak,,
Harvey Lowry,,
Gary Wheeler,,
Ernie Barbarash,,
James Dearden,,
Justin G. Dyck,,
Justin G. Dyck,,
Joe Roth,,
Marc Forster,,
Israel Adrián Caetano,,
Priyadarshan,Kookie V. Gulati,
Mohsin Ali,,
Hrishikesh Mukherjee,,
Amal Neerad,,
Aaron Hann,Mario Miscione,
Paul Weitz,,
Wi Ding Ho,,
Fernando Meirelles,Katia Lund,
Cavi Borges,Luciano Vidigal,
Madeleine Gavin,,
Pete Travis,,
Yesim Ustaoglu,,
Nick Mead,,
Louis Leterrier,,
Gregory Hoblit,,
Eric Stoltz,,
Fernando Moro,,
Jack Starrett,,
Frank Coraci,,
Alistair Legrand,,
Chris Perkel,,
John Crowley,,
Lilly Wachowski,Lana Wachowski,Tom Tykwer
Olivier Assayas,,
Matt Reeves,,
Marcos Bucay,,
Thomas Carter,,
Raúl Campos,Jan Suter,
Les Mayfield,,
Fluvio Iannuci,Roly Santos,
Vishal Mishra,,
Emily Hagins,,
Robert Moresco,,
Jerry Seinfeld,,
Jay Chapman,,
Saurav Palodhi,,
Florian Gallenberger,,
Ketan Mehta,,
Zack Whedon,,
Joshua Marston,,
Jerry Seinfeld,,
Robert Kenner,,
Pepe Bojórquez,,
Ram Gopal Varma,,
Craig Goodwill,,
Jesse Adang,Syrine Boulanouar,
Stacie Passon,,
Van M. Pham,,
Benny Chan,,
Gavin Fitzgerald,,
Ozan Açıktan,,
Ram Gopal Varma,,
Abdul Aziz Hashad,,
Jon Rosenbaum,,
Jon Watts,,
Ben Steele,,
Henry Selick,,
Mathieu Auvray,,
Santiago Diaz,Pablo Martin Farina,
Jason Bourque,,
Jay Bulger,,
Alexandre Reinecke,,
Micah Bickham,Galley Molina,
Kip Andersen,Keegan Kuhn,
Jay Chapman,,
Paul Haggis,,
Mae Czarina Cruz,,
Moses Inwang,,
Obi Emelonye,,
Kranti Kanade,,
Patrick Brice,,
Patrick Brice,,
Felipe Cano,,
Mariano Barroso,,
Marcus Raboy,,
Michèle Ohayon,,
Nam Ron,,
Ang Lee,,
Yuen Wo-Ping,,
Jon Alpert,,
Don Mancini,,
Mana Yasuda,,
Matt Shakman,,
Zachary Heinzerling,,
Jay Chapman,,
Jay Chapman,,
Selçuk Aydemir,Birkan Pusa,
Selçuk Aydemir,,
Ted Emery,,
Chandrakant Kanse,,
Hasan Karacadağ,,
Hasan Karacadağ,,
Hasan Karacadağ,,
Gary David Goldberg,,
Steve Carr,,
Amara Cash,,
Pablo Parés,,
Johnson Esthappan,,
Raj Amit Kumar,,
Jean-Marc Vallée,,
Marcus Raboy,,
Jeffrey Walker,,
Philipp Eichholtz,,
Huw Cordey,,
Nitesh Tiwari,,
Alex Díaz,Marcos Bucay,
Raúl Campos,Jan Suter,
Brendan Toller,,
Roger Donaldson,,
Awi Suryadi,,
Isabelle Nanty,,
Julius R. Nasso,,
Agnidev Chatterjee,,
Alexandros Avranas,,
Gilles Paquet-Brenner,,
Prawal Raman,,
Parveen Kumar,,
Vanessa Roth,,
Julie Dash,,
Stan Lathan,,
Stan Lathan,,
Stan Lathan,,
Ricky Gervais,,
Alex Coletti,,
Hèctor Hernández Vicens,,
Amman Abbasi,,
Rob Seidenglanz,,
Dylan Haegens,Bas van Teylingen,
Noah Baumbach,Jake Paltrow,
Tom Edmunds,,
Mikhail Red,,
Caryn Waechter,,
Tanveer Khan,,
Danny J. Boyle,,
Svetlana Cvetko,,
Tanuj Bhramar,,
Chad Van De Keere,,
Hsu Chih-yen,Mag Hsu,
Jason Priestley,,
Gauri Shinde,,
Harrison Smith,,
Adam Wingard,,
Don Michael Paul,,
Clay Porter,,
Meltem Bozoflu,,
Julio Soto Gurpide,,
K.C. Bokadia,,
Anees Bazmee,,
Louis J. Horvitz,,
Edward Zwick,,
Ken Burns,Artemis Joukowsky,
Stefan Brogren,,
Sydney Freeland,,
Rakeysh Omprakash Mehra,,
Abhinay Deo,,
Hakan Algül,,
Gupse Özay,,
Dennis Iliadis,,
Jay Karas,,
Jay Karas,Demetri Martin,
Camilla Nielsson,,
Will Canon,,
Ted Demme,,
Ryan Polito,,
Marcus Raboy,,
Diego Kaplan,,
Sam Patton,,
Lucas Figueroa,,
Gabriela Tagliavini,,
Mohamed Samy,,
Christopher Smith,,
Jamal Hill,,
Anurag Kashyap,,
Michael Feifer,,
Masaaki Yuasa,,
Saara Cantell,,
Sumitra Bhave,Sunil Sukthankar,
Indra Kumar,,
Vivek Agnihotri,,
Nagesh Kukunoor,,
Fuwad Khan,,
Kiran Rao,,
Umesh Shukla,,
Hark Tsui,,
Ben Ryder,,
Benoît Jacquot,,
Lee Tamahori,,
Volker Weicker,,
Farhan Akhtar,,
Zoya Akhtar,,
Kundan Shah,,
Mani Ratnam,,
Manjeet Maan,,
Rohit Shetty,,
Jay Roach,,
Chia-Liang Liu,,
Todd Standing,,
Benjamin Arfmann,,
Neill Blomkamp,,
Houda Benyamina,,
Bruno Garotti,,
Habib Faisal,,
Deepti Naval,,
David Lean,,
Paul Schrader,,
Craig Brewer,,
Philip Marlatt,,
Charles Martin Smith,,
Brian De Palma,,
Chandra Barot,,
Farhan Akhtar,,
Farhan Akhtar,,
Mahin Ibrahim,Austin Kolodney,Will Lowell
Shannon Hartman,Michelle Caputo,
Mike Newell,,
Troy Nixey,,
Mark Lewis,,
Johnnie To,,
Johnnie To,,
Caradog W. James,,
Daniel Gordon,,
Mike Birbiglia,,
Tony Giglio,,
KVR Mahendra,,
Wong Jing,,
John Patrick Shanley,,
Aleksey German,,
M.J. Isakson,,
Bo Welch,,
Scott Mosier,Yarrow Cheney,
Wilson Yip,,
Rob Cohen,,
Colin Teague,,
Doug Lefler,,
Patrik Syversen,,
Rajiv Chilaka,,
Elaine Bogan,John Sanford,
Greg MacGillivray,,
Tristan Ferland Milewski,,
Andrew Jenks,,
Reiner Holzemer,,
Yeung Yat-Tak,,
Nishikant Kamat,,
Nicolas Winding Refn,,
Tarun Mansukhani,,
Che Sandoval,,
Miguel Arteta,,
Chris Jenkins,,
Olivia Milch,,
Afia Nathaniel,,
Eeshwar Nivas,,
Troy Miller,,
Anne Fletcher,,
Shagufta Rafique,,
Hernán Zin,,
Dave Green,,
Wash Westmoreland,,
Ryan Murphy,,
Sarjun,,
Andrew Slater,,
Emma Hatherley,,
Matt Bell,,
Bruce Gowers,,
Bobby Roth,,
Halder Gomes,,
Francesco Imperato,,
Tharun Bhascker,,
Ajithkumar,,
Mikhail Red,,
Harjit Singh,,
Sumitra Bhave,Sunil Sukthankar,
Sriram Raghavan,,
Rajiv Mehra,,
Suparn Verma,,
Shelly Chopra Dhar,,
Shakun Batra,,
Yılmaz Erdoğan,,
Philipp Stölzl,,
David E. Talbert,,
Vince Gilligan,,
Matías Gueilburt,,
Joseduardo Giordano,Sergio Goyri Jr.,
Jan Suter,,
Justin Webster,,
Emir Kusturica,,
Lorena Munoz,,
Alessandro Angulo,,
Kate Horne,,
Federico Lemos,,
K. Ramanlal,,
Petra Costa,,
Bassam Kurdali,,
Ciarán Foy,,
Isabel Coixet,,
John Bridcut,,
Joel Gallen,Tig Notaro,
Fabien Beziat,Hugues Nancy,
Hugues Nancy,Fabien Beziat,
Nils Tavernier,,
Jennifer Westcott,,
Jon Spira,,
Michael Thelin,,
Saurabh Kabra,,
Riri Riza,,
Neil Triffett,,
Kim Nguyen,,
Greg Coolidge,,
Ajay Phansekar,,
Rob Epstein,Jeffrey Friedman,
David Ayer,,
Denis Villeneuve,,
Praveen Nischol,,
Max Amini,,
Jenny Carchman,,
Jason James,,
Alex Burunova,,
Robert Clouse,,
Matthias Hoene,,
Drake Doremus,,
Kurt Wimmer,,
Eric Idle,Aubrey Powell,
Paul Urkijo Alijo,,
Scott McAboy,,
Wojciech Marczewski,,
Alejandro Doria,,
Marcelo González,,
Katy Chevigny,Ross Kauffman,
Valeria Golino,,
Tom Shadyac,,
Hideaki Anno,,
Orlando von Einsiedel,,
Icíar Bollaín,,
Sridhar Rangayan,,
Paul W.S. Anderson,,
Asghar Farhadi,,
Mae Czarina Cruz,,
Joyce Bernal,,
Jose Manuel Colón,,
Trey Borzillieri,Barbara Schroeder,
Ivan Reitman,,
Basava Shankar Eeday,,
Alex Garland,,
James Lee,,
Stuart Baird,,
Anders Sømme Hammer,Marius Arnesen,Klaus Erik Okstad
Michael Whitton,,
Andrzej Bartkowiak,,
Ben Wallis,,
Selima Taibi,,
Seiji Mizushima,,
Joseph Mbah,,
Ben Young,,
Joe Berlinger,,
Dan Krauss,,
John Schlesinger,,
Paco Plaza,,
Hakan Algül,,
Hakan Algül,,
Hakan Algül,,
Benny Fine,,
Sean Olson,,
Rodrigo Toro,Francisco Schultz,
Matt Toronto,,
Gautier & Leduc,,
Michael McKay,,
Sanjay Jadhav,,
Chris Stokes,,
Gregory Hoblit,,
Roger Kumble,,
Falz,,
Sedat Kirtan,Kubilay Sarikaya,
Sonny Mallhi,,
Hardik Mehta,,
Keith L. Smith,,
Nagraj Manjule,,
Baljit Singh Deo,,
Shadi Ali,,
Kader Aoun,,
Madhur Bhandarkar,,
Ian Barber,,
Rajat Kapoor,,
Terry Gilliam,,
Peter Spirer,,
Scott L. Montoya,,
Diego Pignataro,,
Johanna Demetrakas,,
Fernando Ayllón,,
Raúl Campos,Jan Suter,
Rajesh Mapuskar,,
John Hughes,,
Biyi Bandele,,
Luke Jurevicius,,
Padraic McKinley,,
Ari Levinson,,
Tony Zierra,,
Angga Dwimas Sasongko,,
James Wong,,
David R. Ellis,,
James Wong,,
Theodore Boborol,,
Gianfranco Rosi,,
Drea Cooper,Zackary Canepari,
Dylan Mohan Gray,,
Aruna Raje,,
Sabal Singh Shekawat,,
George Ford,,
George Ford,,
Akiyuki Shinbo,Nobuyuki Takeuchi,
Arthur Muhammad,,
Steven C. Miller,,
Roy Poortmans,,
Olivia Newman,,
Angelina Jolie,,
Nirpal Bhogal,,
Keith Malloy,,
Andrew Renzi,,
Célia Catunda,Kiko Mistrorigo,Rodrigo Eba
Abhishek Kapoor,,
Laurent Bouzereau,,
Cheh Chang,,
Maris Curran,,
Khalid Mohamed,,
Marc Abraham,,
Xiaoxing Yi,Yoshitaka Takeuchi,Haoling Li
Khaled Marei,,
Gregory Caruso,,
Kang Cheng,Shan Hua,
Asri Bendacha,,
Mercedes Cordova,,
Juan Manuel Cotelo,,
Mark Helenowski,Kevin Pang,
Dean Wright,,
Rucha Humnabadkar,,
Mark Murphy,,
Richard Miron,,
Joe Camp,,
Adam Nimoy,,
Carlos Therón,,
Jon Carey,Adam Darke,
Fred M. Wilcox,,
Abhinay Deo,,
Luis Ara,,
Maya Zinshtein,,
Antonio Morabito,,
Hang-Jun Jang,,
Lee Fulkerson,,
Cathy Garcia-Molina,,
Mike Newell,,
Gregory Hoblit,,
Brad Anderson,,
Francesco Carrozzini,,
Noah Baumbach,,
Ulises Valencia,,
Ulises Valencia,,
G.J. Echternkamp,,
G.J. Echternkamp,,
Daniel Gray Longino,,
Grant S. Johnson,Ippsie Jones,
Lance Bangs,,
Ben Wheatley,,
Marek Losey,,
Simon Wincer,,
Tinu Pappachan,,
Marc Levin,,
Sameh Abdulaziz,,
Wade Allain-Marcus,Jesse Allain-Marcus,
Marcus Nispel,,
Simon Verhoeven,,
Mahmoud Karim,,
Werner Herzog,,
Pierre Morel,,
Heber Cannon,,
Alastair Fothergill,,
Courtney Hunt,,
Mrighdeep Singh Lamba,,
Sean Cisterna,,
Fumihiko Sori,,
Yasuhiro Irie,,
Alethea Jones,,
Bob Rose,,
Le Van Kiet,,
Adam Del Giudice,,
Chris Smith,,
Ömer Faruk Sorak,,
Kıvanç Baruönü,,
Krish,,
Manny Rodriguez,,
Fellipe Barbosa,,
Manny Rodriguez,,
Michael Simon,,
Mario Rouleau,,
Amitoj Mann,,
Chris Moukarbel,,
Pavel Parkhomenko,,
Lucky Kuswandi,,
Abhinay Deo,,
Ashwin Saravanan,,
Ashwin Saravanan,,
Ashwin Saravanan,,
Kyle Newacheck,,
Martin Scorsese,,
Keiichi Sato,Yasushi Kawamura,
Qaushiq Mukherjee,,
Mark A.Z. Dippé,Kyung Ho Lee,
Mark A.Z. Dippé,Eondeok Han,
Mark A.Z. Dippé,,
Riki Lindhome,Jeremy Konner,
Ifa Isfansyah,,
Rudy Soedjarwo,,
Yen Cheng-kuo,,
Hiroshi Katagiri,,
Manbhavan Singh,,
P.K. Baaburaaj,,
Naoto Amazutsumi,,
Vlad Yudin,,
Vlad Yudin,,
Suseenthiran,,
David Grossman,,
Mike Flanagan,,
Guy Vasilovich,,
Nicholas Stoller,,
Dylan Bank,Daniel DiMauro,Morgan Pehme
Christopher Smith,,
Peter Segal,,
Iñaki Dorronsoro,,
David Silberg,,
Hoyt Yeatman,,
Raj Kumar Gupta,,
Rajkumar Santoshi,,
Rich Ragsdale,,
Ben Wallis,,
Kazuchika Kise,Masahiko Murata,
Karen J. Lloyd,,
Mark Steven Johnson,,
Anurag Kashyap,Dibakar Banerjee,Karan Johar
Kazuchika Kise,,
Kazuchika Kise,,
Bassam Tariq,,
Patrick Graham,,
Partho Ghosh,,
Riri Riza,,
Vincente Minnelli,Charles Walters,
Paul M. Green,,
Sally Potter,,
Lukas Dhont,,
Wenn V. Deramas,,
Michael Paul Stephenson,,
Tsutomu Mizushima,,
Tsutomu Mizushima,,
Olivier Afonso,,
Go Koga,,
Brett Whitcomb,,
Peter Lepeniotis,,
Mauro Scandolari,,
Harold Cronk,,
Jedd Wider,Todd Wider,
Gordon Chan,,
Michael Mason,,
Francis Lee,,
Kobun Shizuno,Hiroyuki Seshita,
Roland Emmerich,,
Kobun Shizuno,Hiroyuki Seshita,
Kobun Shizuno,Hiroyuki Seshita,
Clay Glen,,
Hrishikesh Mukherjee,,
Takuya Inaba,,
Martin Campbell,,
Ivan Sen,,
Kabir Sadanand,,
Rohit Shetty,,
Mark Landre Gould,,
Neslihan Yesilyurt,,
Sameh Abdulaziz,,
Brian Robbins,,
Chris McCoy,,
Andrew Niccol,,
Tarek Abdel Moaty,,
Mark Helfrich,,
George Clooney,,
Henrik Ruben Genz,,
Kate Melville,,
Justin Chon,,
Michael Dowse,,
Jay Baruchel,,
Ari Sandel,,
Robert Altman,,
Danny Cannon,,
Mathieu Kassovitz,,
Ananth Narayan Mahadevan,,
Jerrold Tarog,,
Indra Kumar,,
Ron Oliver,,
B. Unnikrishnan,,
Tanuj Chopra,,
Fab Five Freddie,,
Randal Kleiser,,
Jeremy Saulnier,,
Abba T. Makama,,
Peter Orton,,
Juani Libonatti,,
Allan Ungar,,
Nanette Burstein,,
Eric Juhola,,
Keith Scholey,,
Luis Ara,Ignacio Jaunsolo,
Meghna Gulzar,,
Dani de la Torre,,
Anjali Nayar,,
Arjun Jandyala,,
Shanker Raman,,
Mani Ratnam,,
James Woodroffe,,
Sanjay Leela Bhansali,,
Esteban Vidal,,
Sermiyan Midyat,,
Sermiyan Midyat,,
Amitoj Mann,,
Faozan Rizal,,
Ali Taner Baltacı,,
Vishal Bhardwaj,,
Adam Shankman,,
Ibrahim Bin Mohamed,Hasan Aljaberi,
Ali Bin Matar,Ibrahim Bin Mohamed,
Mohit Suri,,
Nila Madhab Panda,,
Shinji Aramaki,Mamoru Oshii,Hideki Futamura
Ian Kirby,,
Satish Kaushik,,
John Irvin,,
Aijaz Khan,,
Akram Farouk,,
John Butler,,
Jeff Garlin,,
Joe Berlinger,,
Madeleine Parry,Jon Olb,
Lance Bangs,,
Doesjka van Hoogdalem,,
Tim Van Someren,,
Mamat Khalid,,
Jared Stern,,
Alice Rohrwacher,,
Amarpreet G S Chabbra,,
Joe Dietsch,Louie Gibson,
Farah Khan,,
Luis Javier M. Henaine,,
Shlok Sharma,,
Eric Laneuville,,
Robert Osman,Nathanael Wiseman,
Bobcat Goldthwait,,
Paresh Mokashi,,
Michael McKay,,
Jon Hurwitz,Hayden Schlossberg,
Danny Leiner,,
Daniel Raim,,
Ron Oliver,,
Ah Loong,,
Ron Davis,,
Justin Bare,Matthew Miele,
Aamir Bashir,,
Christopher Storer,,
David Dhawan,,
Alberto Arnaut Estrada,,
Milan Luthria,,
Jon Schnitzer,,
Brant Sersen,,
Eddie Martin,,
Andrew C. Erin,,
Şenol Sönmez,,
Sudhir Mishra,,
Lucien Jean-Baptiste,,
Davis Guggenheim,,
Jason Krawczyk,,
Elle Callahan,,
Ana Kokkinos,,
Timo Tjahjanto,Kimo Stamboel,
Jalil Lespert,,
Kelly Noonan,,
David Mirkin,,
Chris Sivertson,,
Huang Jianming,,
Leung Lok Man,Luk Kim-ching,
Tom Gianas,Ross R. Shuman,
David Mackenzie,,
Guillermo del Toro,,
Alex Stapleton,,
Eli Roth,,
Jerrold Tarog,,
Spike Jonze,,
Christel Gibson,,
Prakash Mehra,,
Rod Blackhurst,,
Corey Yuen,,
Joaquín Mazón,,
Elaine McMillion Sheldon,,
Madhur Bhandarkar,,
Quinn Lasher,,
Raymie Muzquiz,Stu Livingston,
Timothy Woodward Jr.,,
Stacia Crawford,,
Shawn Arranha,,
Liu Jie,,
Pankaj Batra,,
Steven Soderbergh,,
Byun Hyuk,,
Scott Hicks,,
Imtiaz Ali,,
Sajid Khan,,
Lucy van Beek,,
Jennifer Lynch,,
Vishnu Govindhan,,
David Palmer,Dax Shepard,
Andy Tennant,,
Joachim Fest,Christian Herrendoerfer,
Daniel Kontur,,
Daniel Ablin,,
Lars Kaalund,,
Asim Raza,,
Gordon Anderson,,
Ali Taner Baltacı,Cem Yılmaz,
Jeremy Saulnier,,
Neil Armfield,,
Ernie Barbarash,,
Leslie Small,,
Anthony Scott Burns,Nicholas McCarthy,Adam Egypt Mortimer
Michael A. Nickles,,
Javier Ambrossi,Javier Calvo,
Fernando Ayllón,,
Curro Velázquez,,
Will Allen,,
Note Chern-Yim,,
Note Chern-Yim,,
Rakshith Thirthahalli,,
Kaila York,,
Beyoncé Knowles-Carter,,
Anindya Chatterjee,,
Bille Woodruff,,
Bille Woodruff,,
Reema Kagti,,
Mike Disa,,
Tim Hill,,
Sudip Bandyopadhyay,,
Jack C. Newell,,
Brodje Wemboendja,,
Alexandre Aja,,
Ayush Raina,,
Marty Stalker,,
Federico Lemos,,
Scott Cooper,,
Michael Polish,,
Yuki Yamato,,
Jill Bauer,Ronna Gradus,
Jill Bauer,Ronna Gradus,Rashida Jones
Max McGill,,
Akiva Schaffer,,
Janusz Majewski,,
Genndy Tartakovsky,,
Shashanka Ghosh,Samit Basu,
Alex Merkin,,
Sandy Chronopoulos,,
Ziga Virc,,
Bruce Leddy,,
David M. Rosenthal,,
Tom O'Dell,,
Ron Howard,,
Ken Marino,,
Lionel C. Martin,,
Jerry Rothwell,,
Joanna Lombardi,Bruno Ascenzo,
Jocelyn Moorhouse,,
Cal Seville,,
Cal Saville,,
James Ivory,,
Amar Gupte,,
Sam Liu,Frank Paur,
Sooraj R. Barjatya,,
Sooraj R. Barjatya,,
Raj Kanwar,,
Drew Casson,,
Keoni Waxman,,
Jonathan Mostow,,
Matt Kugelman,,
Matt Kugelman,,
Saji Surendran,,
Mike Flanagan,,
Craig Brewer,,
Gabriel Grieco,,
Onir,,
Benjamin Turner,Gabe Turner,
Mary Mazzio,,
Nila Madhab Panda,,
Laura VanZee Taylor,,
Justin Kelly,,
Grant Sputore,,
Eleonore Pourriat,,
Feng Xiaogang,,
Adam Sjöberg,,
Osgood Perkins,,
Ross Boyask,,
Chuck Russell,,
Kasper Collin,,
Macon Blair,,
Douglas McGrath,,
Maria Demeshkina Peek,,
Mez Tharatorn,,
Punit Malhotra,,
Jérémy Clapin,,
Ken Loach,,
Alex Richanbach,,
Adam Randall,,
Bryan Fogel,,
Brett Harvey,,
Law Wing-cheong,,
Sachin,,
Tony Leondis,,
Sanjib Dey,,
Bobcat Goldthwait,,
Steve Paley,,
Steve Paley,,
Jay Chapman,,
Brett Haley,,
Justin Krook,,
Kim Jee-woon,,
Lance Bangs,,
Steve Race,,
Karey Kirkpatrick,,
Karan Shivajirao Chavan,Vikram Tanajirao Patil,
Walerian Borowczyk,,
Steve Cheng,,
Malik Vitthal,,
Anthony Byrne,,
Joel Oliansky,,
Patricia Font,,
Frank Rajah Arase,,
Taron Lexton,,
Johannes Roberts,,
Jalil Lespert,,
Jim Mickle,,
Vincenzo Natali,,
Sunao Katabuchi,,
Christopher Nolan,,
Aytaç Ağırlar,,
Eric Zaragosa,,
Suman Mukhopadhyay,,
Jonathan Baker,,
Elizabeth Chai Vasarhelyi,,
Brad Bird,,
Sanjeev Gupta,,
Steven Spielberg,,
Steven Spielberg,,
Steven Spielberg,,
Steven Spielberg,,
John Stewart Muller,,
Jacob Kornbluth,,
Luca Vullo,,
Quentin Tarantino,,
Sittisiri Mongkolsiri,,
Andrew Lau Wai-Keung,Alan Mak,
Sudhir Mishra,,
Iain Softley,,
Seren Yüce,,
K. Subhash,,
Michael J. Bassett,,
James Wan,,
Eugenio Derbez,,
Michael Gallagher,,
Vetrimaaran,,
Christopher Martin,,
Patricia Rozema,,
Werner Herzog,,
Toshiya Shinohara,,
Toshiya Shinohara,,
Toshiya Shinohara,,
Toshiya Shinohara,,
Clint Eastwood,,
Pablo Giorgelli,,
Charles Officer,,
John Trengove,,
Jonathan Helpert,,
Wilson Yip,,
Wilson Yip,,
Wilson Yip,,
Nagesh Kukunoor,,
Kedar Shinde,,
Jacob Schwab,,
Serge Ou,,
Leo Riley,,
Timo Vuorensola,,
Stephanie Laing,,
V. K. Prakash,,
Jadesola Osiberu,,
Manish Tiwary,,
Trey Edward Shults,,
Billy Lyons,,
Cathy Garcia-Molina,,
Andy Tennant,,
Ismail Farouk,,
Maria Ripoll,,
Hani Hamdi,,
Abhay Chopra,,
Zatella Beatty,,
Frank Rajah Arase,,
Umesh Mehra,,
Abbas Tyrewala,,
Shirish Kunder,,
Imtiaz Ali,,
Mathias Malzieu,Stéphane Berla,
Harvey Glazer,Stuart Stone,
Stuart Orme,,
Brian Klein,,
Richard van't Riet,,
Quentin Tarantino,,
Edward Cotterill,,
Dustin Nguyen,,
David M. Rosenthal,,
Johan Brisinger,,
Shanjey Kumar Perumal,,
Anurag Basu,,
Madhur Bhandarkar,,
Jimmy Henderson,,
Girish Malik,,
Nila Madhab Panda,,
Dan Lucchesi,,
Soumendra Padhi,,
Azfar Jafri,,
Raúl Campos,Jan Suter,
Aadish Keluskar,,
Don Michael Paul,,
Rohit Jugraj,,
Ksshitij Chaudhary,,
Kevin Smith,,
Janusz Majewski,,
Sergio Barrejón,,
Robb Dipple,,
Manny Rodriguez,,
Troy Miller,,
Michael Simon,Matthew McNeil,
Manny Rodriguez,,
Michael Simon,,
Michael Simon,,
Michael Simon,,
Jay Karas,,
Christopher Storer,,
Lance Bangs,,
Lance Bangs,,
Gillian Robespierre,,
Lydia Tenaglia,,
Vlad Yudin,,
Michael Bonfiglio,,
Christian Charles,,
Marty Callner,,
Clint Eastwood,,
Ali Scher,,
Gerry Hoban,,
C. Fitz,,
Numa Perrier,,
Edward Cotterill,,
Sujoy Ghosh,,
Chris Smith,,
Michael Drumm,,
Jeannie Gaffigan,,
Troy Miller,,
Jay Karas,,
Jay Chapman,,
Shannon Hartman,,
Ryan Polito,,
Scott Zabielski,,
Shannon Hartman,,
Joe Boyd,,
Sam Wrench,,
Brian Klein,,
John A. Davis,,
Navaniat Singh,,
Stephen Herek,,
David Gelb,,
Radhu Karmakar,,
Shannon Hartman,,
Shannon Hartman,,
Lee Jeong-beom,,
Griffin Dunne,,
Scott L. Montoya,,
José Miguel Contreras,,
Ashutosh Gowariker,,
John Edginton,,
Daniel Gray Longino,,
Anthony Giordano,,
Anthony Giordano,,
Ashim Ahluwalia,,
Michael Epstein,,
Andrew Stanton,,
Ahishor Solomon,,
Rhys Thomas,,
Alex Timbers,,
Ryan Polito,,
Rhys Thomas,,
Shirish Kunder,,
Aditya Vikram Sengupta,,
Lô Politi,,
Bill Oliver,,
Toby Haynes,,
Amardeep Singh Gill,,
Rob LaDuca,Robert C. Ramirez,
Joe Piscatella,,
Sébastien Betbeder,,
Sudabeh Mortezai,,
Clark Johnson,,
Judah Friedlander,,
Marcus Raboy,,
Atharv Baluja,,
David Dhawan,,
David Dhawan,,
John Schultz,,
Susannah Heath-Eves,,
Nora Ephron,,
Phil Morrison,,
Lana Wachowski,Lilly Wachowski,
Ole Bornedal,,
Roger Kumble,,
Andy Caballero,Diego Corsini,
Ahmed Khaled Moussa,,
Johnnie To,,
Jon M. Chu,,
Jonathan Demme,,
Bedran Güzel,,
Kathryn Bigelow,,
Sanjay Gupta,,
Kranti Redkar,,
Rai Yuvraj Bains,,
Tinnu Anand,,
Jijo Pancode,,
Pa. Ranjith,,
Kundan Shah,,
Sandeep Reddy Vanga,,
Buta Singh,,
Sujoy Ghosh,,
Roger Allers,Gaëtan Brizzi,Paul Brizzi
Abhishek Kapoor,,
Pooja Bhatt,,
Sundar C.,,
Rupert Jones,,
Dhilip Kumar,,
Mandla Dube,,
Vishal Bhardwaj,,
Arun Chidambaram,,
Burak Aksak,,
Wagner de Assis,,
Vijay Lalwani,,
Satish Kaushik,,
James Mangold,,
Ted Emery,,
Sai Paranjape,,
Linda Mendoza,,
Colin Dench,,
Lorene Machado,,
Brit McAdams,,
Marcus Raboy,,
Alphonso J. Wesson,,
Gary Binkow,,
Nikhil Advani,,
Michael McKay,,
Vineeth Anil,,
Chandrakant Kulkarni,,
Morgan Neville,,
Ken Burns,,
Ken Burns,,
Jon M. Chu,,
Leslie Small,,
Leslie Small,Tim Story,
Leslie Small,Tim Story,
Shannon Hartman,,
Leslie Small,,
Tom Stern,,
Andy Fickman,,
Paul Miller,,
Lori Kaye,,
Subhash Ghai,,
Rohit Jugraj,,
Shashanka Ghosh,,
Mohammed Hussain,,
Dibakar Banerjee,,
Hrishikesh Mukherjee,,
Surya S.J.,Sunil Kumar Agrawal,
Sudipto Roy,,
Dimitri Logothetis,,
John Stockwell,,
Noah Baumbach,,
Paul Soriano,,
Daniel Alfredson,,
Thomas Sieben,,
Tugçe Soysop,,
Quentin Tarantino,,
Quentin Tarantino,,
Steven Gomez,,
Frédéric Tonolli,,
Şenol Sönmez,,
Paul Tanter,,
Jonathan Hensleigh,,
Michael Cuesta,,
Avinash Arun,,
Damián Romay,,
Attila Till,,
Paul Katis,,
Felix Thompson,,
Kemi Adetiba,,
Sam Voutas,,
Kim Seong-hun,,
Lucy Cohen,,
Steve Greenwood,,
Peter Farrelly,Bobby Farrelly,
Deniz Gamze Ergüven,,
Jeffrey W. Byrd,,
Abbas Alibhai Burmawalla,Mastan Alibhai Burmawalla,
Puneet Sira,,
Aziz Mirza,,
Sean Cisterna,,
Gary Fleder,,
Sigrid Andrea Bernardo,,
Woo Ming Jin,,
Sergio Pablos,,
Rachel Lears,,
Frank Capra,Joris Ivens,
Alex Proyas,,
Kıvanç Baruönü,,
Kıvanç Baruönü,,
Mark Raso,,
Partho Mitra,,
Jonathan Taylor,,
Noor Imran Mithu,,
Naoko Yamada,,
Joachim Rønning,Espen Sandberg,
Gulzar,,
Hans Petter Moland,,
Munjal Shroff,Tilak Shetty,
Munjal Shroff,Tilak Shetty,
Tilak Shetty,,
Tilak Shetty,,
Tilak Shetty,,
Munjal Shroff,Tilak Shetty,
Trey Edward Shults,,
Santram Varma,,
Oliver Blackburn,,
Datta Mohan Bhandare,,
William H. Macy,,
Anil V. Kumar,,
Remy Kohli,,
Stephen Chow,,
Andrés Couturier,,
Tim Johnson,,
Rodolphe Guenoden,,
Stanley Tong,,
Rizal Mantovani,,
Suresh Pillai,,
Renzil D'Silva,,
Tensai Okamura,,
Nick Broomfield,,
Yusuf Pirhasan,,
Kundan Shah,,
Sangeeth Sivan,,
Umesh Ghadge,,
Devin Chanda,,
David Dhawan,,
Samir Karnik,,
Camille Shooshani,,
Leandro Mark,Nicolás Silbert,
Daniel Lindsay,T.J. Martin,
Luis Valdez,,
Giulio Base,,
Roberto Girault Facha,,
Alejandro Lozano,,
Syed Ahmad Afzal,,
Manav Shah,,
Sopon Sukdapisit,,
Uraaz Bahl,,
Chris Nahon,,
M. Night Shyamalan,,
Emmanuel Mouret,,
Lygia Barbosa da Silva,Eliane Brum,
Ashutosh Gowariker,,
Mike Ezuruonye,,
Farhan Akhtar,,
Sushil Majumdar,,
Mahesh Manjrekar,,
Sam Loh,,
R. Ellis Frazier,,
Alex Parkinson,Richard da Costa,
Kazuaki Kiriya,,
Massy Tadjedin,,
Frank W Chen,,
Michael Drumm,,
Ed Gass-Donnelly,,
John Hillcoat,,
Matthew Vaughn,,
Mijke de Jong,,
Damien Piscarel,Florent Bodin,
Emmanuel Amara,,
Leslie Iwerks,,
Anand Tucker,,
Eric Summer,Éric Warin,
B.N. Shajeer Sha,,
Vic Armstrong,,
Brian Helgeland,,
Zack Snyder,,
Yang Lei,,
Chia-Liang Liu,,
Joe Menendez,,
Scott Stewart,,
Rick Morales,,
Andrew Tan,Stephen Murray,
Anders Falck,Stinus Morell Vithner,
Michael D. Black,,
Rob Silvestri,,
Michael D. Black,,
Greg Richardson,,
Jayaprakash Radhakrishnan,,
Mario Cambi,,
Pascal Blanchard,Sonia Dauger,David Dietz
David Benioff,D.B. Weiss,
Kim A. Snyder,,
John Ridley,,
Luke Snellin,,
John Huston,,
Ladislas Chollat,,
Onur Ünlü,,
Jenna Laurenzo,,
Vince Marcello,,
Geetu Mohandas,,
Jason Spingarn-Koff,,
Jeff Baena,,
Anurag Basu,,
Ron Davis,,
Rakesh Mehta,,
Pawan K Shrivastava,,
John Haptas,Kristine Samuelson,
Justin McConnell,,
Johnnie To,,
Kevin Peeples,,
Lauren Miller Rogen,,
Alfonso Arau,,
Charles Stone III,,
Prasobh Vijayan,,
Vrinda Samartha,,
Neil Burger,,
Steven Spielberg,,
Jazz Boon,,
Genevieve Nnaji,,
Karim El Sobky,,
Fernando Ayllón,,
Ellen Weissbrod,,
Rob Meyer,,
Hua Shan,,
Eli Craig,,
Tim Bartley,,
Robyn Butler,,
Ira Sachs,,
Matt Kay,,
Richard Greenberg,,
Prakash Satam,,
Prakash Satam,,
Prakash Satam,,
Prakash Satam,,
Zach Clark,,
Maria Ripoll,,
Nick Gomez,,
Werner Herzog,,
Rene Bueno,,
Smeep Kang,,
Guy Ritchie,,
Steven Knight,,
Kıvanç Baruönü,,
Jared Cohn,,
Fernando Sariñana,José Luis Gutiérrez,
Sudhanshu Saria,,
Michael Anderson,,
Stanley Kubrick,,
Christian Zübert,,
Jakob Verbruggen,,
Jacob LaMendola,,
Jennifer Baichwal,Nicholas de Pencier,
Andrew Lau Wai-Keung,,
Sze Yu Lau,,
David Wnendt,,
Parambrata Chatterjee,,
Juan Carlos Rulfo,,
Jorge Hernandez Aldana,,
Ignacio López Escrivá,,
Alessandro Angulo,,
Tom Donahue,,
Sarah Moshman,,
Sunkanmi Adebayo,,
Christopher Guest,,
Louis C.K.,,
Louis C.K.,,
Louis C.K.,,
Gaspar Noé,,
Kabir Bhatia,Titien Wattimena,
Jatla Siddartha,,
RZA,,
Andibachtiar Yusuf,,
Pang Ho-cheung,,
Cristina Jacob,,
Theodore Witcher,,
Saandeep Patel,,
Tianyu Zhao,,
Pang Ho-cheung,,
Stephen Chow,,
Anand Tiwari,,
Steven Fine,,
Ahmad Samir Farag,,
Sridhar Jetty,,
Christian Ditter,,
Yılmaz Erdoğan,,
Anita Barbosa,,
So Yong Kim,,
Alma Har'el,,
Katherine Brooks,,
Fernando Ayllón,,
Johnnie To,,
Dibakar Banerjee,,
Jay Chapman,,
Lucas Margutti,,
Lucas Margutti,,
Ana Quiroga,,
Raúl Campos,Jan Suter,
Jun-seong Kim,,
Zoya Akhtar,,
Sanjay Jadhav,,
Ranjit Tiwari,,
Radhika Rao,Vinay Sapru,
Qaushiq Mukherjee,Nikon,
Laxman Utekar,,
Hayao Miyazaki,,
Prabhuraj,,
Ticoy Rodriguez,,
Zoya Akhtar,Karan Johar,Anurag Kashyap
Sameer Sharma,,
Marcus Raboy,,
Jayan Vannery,,
Pratim D. Gupta,,
Dylan C. Brown,,
Debaloy Dey,,
Antonio Serrano,,
Callie Khouri,Jesse V. Johnson,
Jim Monaco,,
Chun Wong,,
Nishikant Kamat,,
Ben Patterson,,
Mikhil Musale,,
Satyajit Bhatkal,,
Shoojit Sircar,,
Aaron Burns,,
Iginio Straffi,,
Luc Vinciguerra,,
Paul Thomas Anderson,,
Benjamin Ree,,
Amaan Khan,,
Amarjit Virdi,,
Gaurav Bavdankar,,
Li Pei-Chuan,,
Prem Soni,,
Farah Khan,,
Chandan Arora,,
David Dhawan,,
Sooraj R. Barjatya,,
Oded Raz,,
Sameer Vidwans,,
Mangesh Hadawale,,
Raúl Campos,Jan Suter,
Olaf de Fleur,,
Savage Steve Holland,,
Michael Winnick,,
Raj R,,
Keanu Reeves,,
Chang-Min Lee,,
Ben Palmer,,
Shyam Benegal,,
Tathagata Banerjee,,
David Gordon Green,,
John Upchurch,,
Tom O'Brien,,
John Woo,,
Baljit Singh Deo,,
Rahul Ravindran,,
Michael Roberts,,
Shammi Kapoor,,
Patricia Rozema,,
J. Davis,,
Nandita Das,,
Rahat Kazmi,,
Nicholas Kharkongor,,
Phanindra Narsetti,,
Amshan Kumar,,
David Cronenberg,,
Clive Tonge,,
Lance Bangs,,
Lynn Shelton,,
Caio Cobra,,
Alik Sakharov,,
Pedring A. Lopez,,
Jessica Yu,,
Jordan Brady,,
James Yukich,,
Nathan Landeg,,
Marcus Raboy,,
Pulkit,,
Sunil Thakur,,
Noah Baumbach,,
Everardo Gout,,
Chia-Liang Liu,,
David Raynr,,
David Batty,,
Jean-François Blais,,
Deepika Narayan Bhardwaj,,
Eric Drath,,
Mitch Schauer,,
Mitch Schauer,,
Leo Riley,Eric Radomski,
Hiromasa Yonebayashi,,
Omung Kumar,,
Rob Marshall,,
Christopher Guest,,
Shekhar Kapur,,
Ui-seok Jo,,
Yuen Woo-ping,,
Stephen Belber,,
Pablo D'Alo Abba,,
Sudesh Manjrekar,Atul Kale,
Aditya Sarpotdar,,
Daniel Noah,,
Timo Tjahjanto,,
Philip Yung,,
Hassan Hegazy,Shady Ali,
Bob Hercules,Rita Coburn Whack,
Ketan Mehta,,
Muh Chen,,
Samuel D. Pollard,,
Maz Jobrani,,
Sachin,,
Jesús Magaña Vázquez,,
Raúl Campos,Jan Suter,
Nathan Morlando,,
Martin Scorsese,,
Mina Shum,,
Jacek Koprowicz,,
Paul Berczeller,Mark Radice,
Anik Datta,,
Saravana Rajendran,,
Binu Ulahhannan,,
Bob Odenkirk,,
Shin-yeon Won,,
Janet Tobias,Claus Wehlisch,
Barry Sonnenfeld,,
Barry Sonnenfeld,,
Jung-ah Im,,
John Barnard,,
Gareth Evans,,
Hepi Mita,,
Sacha Wolff,,
David Sington,Heather Walsh,
Chris Sparling,,
Owen Egerton,,
Rakeysh Omprakash Mehra,,
Lenin Bharathi,,
James Hawes,,
Toka McBaror,,
Atlee Kumar,,
Fabrice Du Welz,,
Joe Berlinger,Bruce Sinofsky,
Ananda Krishnan,,
Julio Fernández Talamantes,,
Shojiro Nishimi,Guillaume Renard,
Alejandro Fernández Almendras,,
Gastón Duprat,,
Santosh Manjrekar,,
Bharat Nalluri,,
Ribhu Dasgupta,,
Scott Aukerman,Akiva Schaffer,
Oz Rodriguez,,
Daniel Wilner,,
Lance Bangs,,
Steve Carr,,
Seth Barrish,Mike Birbiglia,
Seth Barrish,,
L. Frazier,,
Kevin Bray,,
David Mrnka,,
Gus Van Sant,,
Andrew Goth,,
Sean Foley,,
Fabio Guaglione,Fabio Resinaro,
Matt D'Avella,,
Anil Thomas,,
Gavin O'Connor,,
Thomas Astruc,,
Oriol Paulo,,
Marcus Raboy,,
Rakeysh Omprakash Mehra,,
Erwin van den Eshof,,
Keiichi Hara,,
Jason Lai,,
Liv Ullmann,,
Kenny Young,,
Jennifer Siebel Newsom,,
Barbara Kopple,,
Julia Hart,,
Robert Nixon,Fisher Stevens,
David Fairhead,,
Apoorva Lakhia,,
David Blair,,
Osman Ali,,
Anna Boden,Ryan Fleck,
Greg Whiteley,,
Stan Lathan,,
Chris Howe,,
Munish Bhardwaj,,
Ted Geoghegan,,
Ashutosh Gowariker,,
William Monahan,,
Kunle Afolayan,,
Ravi Udyawar,,
Omoni Oboli,,
Mike Newell,,
Martin Rosete,,
Brett Ratner,,
Yılmaz Erdoğan,,
Robert Vince,,
Ahmed El Gendy,,
Holger Tappe,,
Steve Sacks,,
William Lau,,
Steve Ball,Andrew Duncan,
William Lau,Sylvain Blais,
Dustin McKenzie,,
Victor Dal Chele,Alfred Gimeno,
William Lau,,
Mike Fetterly,Steve Sacks,
William Lau,,
Dan Fraga,William Lau,
Audu Paden,Eric Radomski,
Dustin McKenzie,Andrew Duncan,Audu Paden
Dustin McKenzie,Steve Sacks,
Gil Kenan,,
Leopoldo Aguilar,,
Robert Luketic,,
Tom Green,,
Rachel Bell,,
Terry Gilliam,Terry Jones,
Will Yapp,,
Eric Idle,,
Will Yapp,,
Terry Hughes,Ian MacNaughton,
Roger Graef,James Rogan,
Terry Jones,,
Duncan Jones,,
Barry Jenkins,,
Antoine Bardou-Jacquet,,
Jami,,
Chad Hartigan,,
Michael Mayer,,
Avadhoot Gupte,,
Jay Chapman,,
Dilip Mehta,,
Amitoj Mann,,
Suhas Kadav,,
Jennifer Peedom,,
Peter Farrelly,Will Graham,Steve Carr
Andy Serkis,,
Thiru,,
Bruce Beresford,,
Tomer Heymann,,
Diego Luna,,
Noël Wells,,
Lee Eung-bok,,
Anthony Chan,,
Craig Gillespie,,
Wael Ihsan,,
Anees Bazmee,,
Alejandro Fernández Almendras,,
Nabil Ayouch,,
Mahsun Kırmızıgül,,
Dee Rees,,
Mysskin,,
David Dhawan,,
Umesh Mehra,,
Manjeet Singh,,
Satish Rajwade,,
Anant Balani,,
Nishikant Kamat,,
Syamsul Yusof,,
Navinder Pal Singh,,
Alexandre Heboyan,Benoît Philippon,
Varun Narvekar,,
Rajan Madhav,,
Kyle Newacheck,,
Jeremy Saulnier,,
Sarthak Dasgupta,,
Craig Elrod,,
Duncan Jones,,
Lewis Milestone,Carol Reed,
Nakul Singh Sawhney,,
Bruce McDonald,,
Sophie Robinson,Lotje Sodderland,
Álex de la Iglesia,,
Samir Soni,,
Onir,,
Waymon Boone,,
Ismail Farouk,,
Dash Shaw,,
Cathy Garcia-Molina,,
Nathaniel Warsh,,
Raaghav Dar,,
Dani Levy,,
Howard Zieff,,
Nana Ekvtimishvili,Simon Gross,
Alessandro Pepe,,
Claude Barras,,
Ishi Rudell,,
Ishi Rudell,Jayson Thiessen,
Ishi Rudell,,
Jayson Thiessen,Ishi Rudell,
Ishi Rudell,,
Denny Lu,Mike Myhre,
Michael Steed,,
Wenn V. Deramas,,
David Sampliner,,
Justin G. Dyck,,
Siu-hung Chung,Wong Jing,
John Dower,,
Nick Cassavetes,,
David Lee Miller,,
Damián Romay,,
Bedran Güzel,,
Atsajun Sattakovit,,
Antongiulio Panizzi,,
Simon Curtis,,
Bunmi Ajakaiye,,
Moataz El Tony,,
Clint Eastwood,,
Sabu Varghese,,
Daniel Kontur,,
Rajesh Touchriver,,
Shivam Nair,,
Thiru,,
Jared Hess,,
Krishna Agazzi,Filippo Gastaldi,
Dennis Bartok,,
Michael Tiddes,,
Ben Bowie,Geoff Luck,
Prakash Mehra,,
Vipul Amrutlal Shah,,
Heidi Saman,,
Nonzee Nimibutr,,
Kristin Hanggi,,
Haifaa Al-Mansour,,
Hayato Date,,
Hajime Kamegaki,,
Masahiko Murata,,
Masahiko Murata,,
Hajime Kamegaki,,
Masahiko Murata,,
Hirotsugu Kawasaki,,
Toshiyuki Tsuru,,
Tensai Okamura,,
Amit Saxena,,
Raúl Campos,Jan Suter,
Natalia Valdebenito,,
Alina Teodorescu,,
Ryan Polito,,
Mansore,,
Sonia Kennebeck,,
Gene Quintano,,
Greg MacGillivray,,
Jon Turteltaub,,
Mahesh Manjrekar,,
Roman Atwood,Ben Pluimer,
Chad L. Scheifele,,
Pankaj Batra,,
George Stevens,,
Neal Brennan,,
Jaivi Dhanda,,
Hari Nath,,
Pablo Larraín,,
Josh Webber,,
Tope Oshin,,
Dennie Gordon,,
Drake Doremus,,
Kim A. Snyder,,
Lee Tamahori,,
Kunal Kohli,,
Kevin R. Adams,Joe Ksander,
Arun Vaidyanathan,,
Kelly Reichardt,,
George C. Wolfe,,
Nicholaus Goossen,,
Selvamani Selvaraj,,
James McTeigue,,
Yoshiyuki Momose,,
Justin Webster,,
Hakan Algül,,
Sathyan Anthikad,,
Anees Bazmee,,
Nicolás López,,
Atsuko Ishizuka,,
Raj Kumar Gupta,,
Jesús Torres Torres,,
Ruel S. Bayani,,
Scott Hicks,,
Vandana Kataria,,
Brian Knappenberger,,
Liz Plonka,,
Tim Maltby,,
Richard Finn,Tim Maltby,
Heidi Ewing,Rachel Grady,
Kiki Goshay,Jacqueline Monetta,
Peter Middleton,James Spinney,
Fred Cavayé,,
Alexandre Avancini,,
Alexandre Avancini,,
Rushmore DeNooyer,,
Martin Gorst,,
Giulia Clark,,
Sarah Holt,,
Terri Randall,,
Doug Hamilton,,
Martin Gorst,,
Peter Fison,,
Graham Townsley,,
Paula Apsell,Kirk Wolfinger,
Oliver Twinch,,
Oliver Twinch,,
Llewellyn M. Smith,,
Daniel McCabe,,
Peter Yost,,
Tom Stubberfield,,
Noel Dockstader,Quinn Kanaly,
Gail Willumsen,,
Lesli Linka Glatter,,
Peter Pardini,,
Sam Taylor-Johnson,,
DJ Chen,,
Dana Doron,Uriel Sinai,
Enrico Bisi,,
Lars von Trier,,
Lars von Trier,,
Marco Dutra,,
Mat Whitecross,,
Gillian Robespierre,,
Jacques Perrin,Jacques Cluzaud,
Luke Sparke,,
Lewis Milestone,,
Steven Soderbergh,,
Steven Soderbergh,,
Nishanth Ravindaran,Jathin Sanker Raj,
Nacho G. Velilla,,
Shawn Crahan,,
Florian Schnell,,
Olivier Jean-Marie,,
Ketan Mehta,,
Poj Arnon,,
Poj Arnon,,
Poj Arnon,,
Poj Arnon,,
Umesh Shukla,,
B. V. Nandini Reddy,,
B. V. Nandini Reddy,,
B. V. Nandini Reddy,,
Michael John Warren,,
Cristina Jacob,,
Omoni Oboli,,
Bong Joon Ho,,
Barak Goodman,,
André D'Elia,,
David Schalko,,
Oliver Stone,,
Petra Costa,Lea Glob,
Antoine Fuqua,,
Farah Khan,,
Mohamed Samy,,
Ildiko Enyedi,,
Alessio Cremonini,,
Clarence Yiu-leung Fok,,
Heitor Dhalia,,
Pradip Kurbah,,
Felix Chong,,
Kanwal Sethi,,
Matt Askem,,
Matt Askem,,
Charlie Lightening,,
Charlie Lightening,,
Matt Askem,,
Matt Askem,,
Mario Van Peebles,Ralph Hemecker,Gwyneth Horder-Payton
Milan Luthria,,
Milan Luthria,,
Sergio Leone,,
Shashilal K. Nair,,
Devika Bhagat,,
Banjong Pisanthanakun,,
Lone Scherfig,,
Morgan Spurlock,,
Roman Gackowski,,
Mike Clattenburg,,
Tim Rouhana,,
Noah Moskin,,
Jasmine D'Souza,,
Heidi Ewing,Rachel Grady,
Nicolas Winding Refn,,
Michael Civille,,
Bill Guttentag,Michael Ware,
Roger Allers,Jill Culton,
Isaac Rentz,,
Tomas Portella,,
John H. Lee,,
Dante Lam,,
Dante Lam,,
Logan Kibens,,
Chia Tang,,
Mark Ritchie,,
Hatem Khraiche,,
Yılmaz Erdoğan,,
Peter McDonnell,,
Kiran Narayanan,,
Chris Kelly,,
Ben C. Lucas,,
Parthiban,,
Jayaraj Rajasekharan Nair,,
Mark Franchetti,Andrew Meier,
Jesse Peretz,,
Miguel Ángel Lamata,,
Ritesh Batra,,
Takuya Igarashi,,
John Hoffman,Nanfu Wang,
Dylan Howitt,,
David Mackenzie,,
Adam Collins,Luke Radford,
Lynn Shelton,,
Chanon Yingyong,Phuwanit Pholdee,
Dibakar Banerjee,,
Paul Spurrier,,
Kundan Shah,,
Richard LaGravenese,,
Tigmanshu Dhulia,,
Chandran Narikode,,
Jorge Granier,,
Juan Antin,,
Mariana Tschudi,Héctor Gálvez,
R. Balki,,
Alex Lehmann,,
Amol Palekar,,
Paakhi Tyrewala,,
Piti Jaturaphat,,
Charles Stone III,,
Amber Tamblyn,,
Alex Law,,
Cosima Spender,,
Fernando González Molina,,
Feroz,,
Jung-woo Park,,
David Fincher,,
Guillermo del Toro,,
Jonathan A. Rosenbaum,,
Bhagyaraj,,
Rebecca Addelman,,
Xavier Durringer,,
Monique Gardenberg,,
Daryl Hannah,,
Oren Peli,,
Franck Phelizon,,
Daniel Arasanz,,
Subhash Ghai,,
Gafoor Y. Elliyaas,,
Syed Atif Ali,,
Jennie Livingston,,
Elisabeth Vogler,,
Kim Joo-hyung,,
Abhishek Sharma,,
Ian MacNaughton,,
Adrian Teh,,
Nikhil Advani,,
Jeremy Kenyon Lockyer Corbell,,
Matías Gueilburt,,
Mandie Fletcher,,
Phillip Noyce,,
Kıvanç Baruönü,,
Bobcat Goldthwait,,
Steve Carr,,
Dileep Narayanan,,
Cheta Chukwu,,
Paritosh Painter,,
Suman Ghosh,,
Felix Starck,,
Banjong Pisanthanakun,,
Anusha Rizvi,Mahmood Farooqui,
John Lee,,
Paul Reubens,Wayne Orr,
Han Han,,
Cem Yılmaz,,
Mohd Khairul Azri Bin Md Noor,,
Rodrigo Triana,,
Mark Palansky,,
J.C. Falcón,,
Sherwin Shilati,,
Luis Ara,,
Alejandro Montiel,,
C.J. Wallis,,
James Foley,,
Rayka Zehtabchi,,
Lee Kyoungmi,Yim Pilsung,Jeon Go-woon
Olivier Assayas,,
Tony Stone,,
Will Gluck,,
Karthik Subbaraj,,
Karthik Subbaraj,,
Ali Samadi Ahadi,,
Karan Lalit Butani,,
Kabir Khan,,
Jean-Loup Felicioli,Alain Gagnol,
Jonathan Demme,,
Aziz Mirza,,
Ajay Bhuyan,Kunal Kohli,
Banjong Pisanthanakun,Paween Purikitpanya,Songyos Sugmakanan
Kunle Afolayan,,
Abhishek Saxena,,
Peter Webber,,
Christopher Nolen,,
Vinod Kapri,,
Gajendra Ahire,,
Mat King,,
Aniruddha Roy Chowdhury,,
Shazia Ali Khan,,
Oscar Micheaux,Spencer Williams,Richard E. Norman
Mahesh Manjrekar,,
Akshay Akkineni,,
Israel Adrián Caetano,Bruno Stagnaro,
Rajkumar Hirani,,
Christophe Honoré,,
Jorge Blanco,,
Alastair Fothergill,,
Rebecca Zlotowski,,
Abbas Alibhai Burmawalla,Mastan Alibhai Burmawalla,
Daniel Mann,Joseph Sargent,
Jean-Simon Chartier,,
Alfonso Rodríguez,,
Guillermo Garcia,David Cantolla,
Joe Lynch,,
Kunihiko Yuyama,,
Tetsuo Yajima,,
Nidhi Sharma,,
Wim Wenders,,
Robert Altman,,
Gabe Klinger,,
Wolfgang Petersen,,
Edwin,,
Steve McLean,,
Shreyas Talpade,,
Shirley Frimpong-Manso,,
Seth Henrikson,,
Dhanush,,
Charlie Haskell,Koichi Sakamoto,
James Barr,,
Ashish R. Shukla,,
Sanjiv Jaiswal,,
Frank Capra,,
Satish Rajwade,,
Chris Bell,Josh Alexander,Greg Young
Gregory Hoblit,,
Lekh Tandon,,
Kookie V. Gulati,,
Wong Jing,,
Bhavik Thakore,,
Jon Rosenbaum,,
Stephen Cone,,
Luis Lopez,Clay Tweel,
Tamara Jenkins,,
Lekh Tandon,,
Christopher Nolen,,
Barry Avrich,,
Sang-ho Yeon,,
Rajkumar Santoshi,,
Kabir Bhatia,,
Quentin Tarantino,,
Anurag Singh,,
Robert Vince,,
Robert Vince,,
Robert Vince,,
Robert Vince,,
Ranjit Jeyakodi,,
Luis Prieto,,
Roy Burdine,Johnny Castuciano,
Luv Ranjan,,
Luv Ranjan,,
Saket Chaudhary,,
Rajiv Mehra,,
Tanuja Chandra,,
Umesh Mehra,,
Jagdeep Sidhu,,
Vikas Bahl,,
Werner Herzog,,
Carlos Vermut,,
Roy Campanella II,,
Rashida Jones,Alan Hicks,
Richard Correll,,
Prakash Jha,,
Mastan Alibhai Burmawalla,Abbas Alibhai Burmawalla,
Abbas Alibhai Burmawalla,Mastan Alibhai Burmawalla,
Andy Fickman,,
Jonathan Demme,,
Raphael Erichsen,,
Peter Howitt,,
Hari Viswanath,,
Rahul Dholakia,,
Martin Scorsese,,
Pawan Kripalani,,
Bhushan Patel,,
Manish Gupta,,
Jeremy Coon,Tim Skousen,
Ding Sheng,,
Barry Levinson,,
Soukarya Ghosal,,
Linas Phillips,,
Clay Glen,,
Dharmesh Darshan,,
Kunal Deshmukh,,
Leena Yadav,,
Basu Chatterjee,,
Abhijit Kokate,Srivinay Salian,
Phil Johnston,Rich Moore,
Anthony Pierce,,
John Asher,,
Derek Peck,,
Rajiv Mehra,,
Raj Kapoor,,
Eric Khoo,,
Sanjay Dayma,,
Uwe Boll,,
Kim Sung-hoon,,
Girish Joshi,,
Rakeysh Omprakash Mehra,,
Vishal Bhardwaj,,
Amir Mohiuddin,,
Morgan Spurlock,,
Zak Hilditch,,
Robin Aubert,,
Michael Showalter,,
Husam El-Gohari,,
Anees Bazmee,,
Luis Javier Henaine,,
Tom Whitter,,
Nicholas Ray,,
Karl Mueller,,
Michael James Regan,,
Elaine McMillion Sheldon,,
Craig Anderson,,
John Milius,,
Amitava Bhattacharya,,
Marina Willer,,
Clementine Malpas,Leslie Knott,
Mohamed Samy,,
Benjamin Dickinson,,
Andy Capper,,
Brian Oakes,,
Bent-Jorgen Perlmutt,,
Sam Cullman,,
Stuart Sender,,
Kelly Duane de la Vega,,
Sara Dosa,,
Brian Oakes,,
Kief Davidson,,
Shamyl Othman,,
Atom Egoyan,,
Shin Won-ho,,
Shin Won-ho,,
Paul W.S. Anderson,,
René Pérez Joglar,,
Linda Saffire,Adam Schlesinger,
Andrew Bujalski,,
Josh Izenberg,Wynn Padula,
Dani de la Torre,,
Chia-Liang Liu,,
Vijay Jayapal,,
Andrew Lau Wai-Keung,Andrew Loo,
Glen Goei,Gavin Yap,
Lee Seung-won,,
Joe Miale,,
Jani Lachauer,Jakob Schuh,
Sam Mendes,,
Fernando Frías De La Parra,,
Raúl Campos,Jan Suter,
Raúl Campos,Jan Suter,
Raúl Campos,Jan Suter,
Fernando Ayllón,,
Jeff Margolis,,
John L. Spencer,,
Jakob Lass,,
Jon Avnet,,
McG,,
Makarand Mane,,
John Lyde,,
Rhiannon Bannenberg,,
Pieter Kuijpers,,
Devaki Singh,Luke Kenny,
Saw Teong Hin,Nik Amir Mustapha,M.S. Prem Nath
Ashok Nanda,,
Marcelo Altmark,Mariano Mucci,Luis A. Scalella
Rob Seidenglanz,,
Isao Yukisada,,
Amit Rai,,
Ishaya Bako,,
Steve Rash,,
Pierfrancesco Diliberto,,
Nicholas Winter,,
Thierry Demaizière,Alban Teurlai,
Hanno Olderdissen,,
Abhishek Kapoor,,
Joe Murray,Cosmo Segurson,
John G. Avildsen,,
Nishikant Kamat,,
Sylvester Stallone,,
Sylvester Stallone,,
Sylvester Stallone,,
John G. Avildsen,,
Brandon Jones,,
Spike Lee,,
G.J. Echternkamp,,
Sameh Abdulaziz,,
Nancy Schwartzman,,
Mitch Dickman,,
Martin Scorsese,,
Alfonso Cuarón,,
Ketche,,
Erol Özlevi,,
Robbie Grewal,,
Navaniat Singh,,
Diego Cohen,,
Tom Forrest,,
Vlad Yudin,,
Sebastian DiNatale,,
Lenny Abrahamson,,
Matthew Atkinson,,
Max Lang,Jani Lachauer,
Shweta Basu Prasad,,
Scott Moran,,
Roman Polanski,,
John Dahl,,
Prabhu Deva,,
Michael Larnell,,
Jay Chandrasekhar,,
Hanung Bramantyo,,
Stig Bergqvist,Paul Demeyer,
Atanu Mukherjee,,
R. Ellis Frazier,,
Stanley Tong,,
Rob Reiner,,
Jeeva,,
David L. Cunningham,,
Chris Stokes,,
Amit Roy,,
Sam Dunn,Scot McFadyen,
Chris Howe,,
Peter Orton,,
Robert Vince,,
Dave Higby,,
Dave Higby,,
Dharmendra Suresh Desai,,
Marcus Raboy,,
Alex Infascelli,,
David Lam,,
Vipin Parashar,,
Sujeeth,,
Raman Kumar,,
Saurabh Sinha,,
Farhan Alam,,
Vijay Roche,,
Rocky Soraya,,
Vikramaditya Motwane,Anurag Kashyap,
Gianfranco Rosi,,
Guillermo de Oliveira,,
Hakan Yonat,,
Michael Seater,,
Balu Mahendra,,
Ehtesham Uddin,,
Kireet Khurana,Padmakumar Narasimhamurthy,
Pierre Coré,,
Pratim D. Gupta,,
Nagraj Manjule,,
Sanjay Soorkar,,
A. Salaam,,
Anand Kamalakar,,
Mohamed Hamdy,,
Walter C. Miller,,
Walter C. Miller,,
Walter C. Miller,,
Partha Chakraborty,,
K. Gopinathan,,
Michael Carney,,
Amr Arafa,,
Dan Forrer,,
Bruce MacDonald,Gabriel Sabloff,
Anirban Majumder,,
John Huston,,
Rajeev Patil,,
Fernando Coimbra,,
Elite Zexer,,
Steven Brill,,
Raj Kapoor,,
Rajkumar Hirani,,
Glenn Miller,,
Blayne Weaver,,
Moto Sakakibara,,
Luc Vinciguerra,,
Liam Lynch,,
Gilles Paquet-Brenner,,
Andreas Prochaska,,
Norberto López Amado,,
Rohit Jugraj,,
Rohit Jugraj,,
Gajendra Ahire,,
A.R. Murugadoss,,
A.R. Murugadoss,,
Rajiv Menon,,
Rajiv Menon,,
Venugopan,,
Vikram Pradhan,,
Kamal Sahani,,
V. Scott Balcerek,,
Aditya Sarpotdar,,
Raj N. Sippy,,
Prakash Jha,,
Jesse V. Johnson,,
Mahmoud Karim,,
Francesco Imperato,,
Jacob Kornbluth,,
John Lee Hancock,,
Jeffrey G. Hunt,,
Swapna Waghmare Joshi,,
Lynn Shelton,,
Keenen Ivory Wayans,,
Steven Spielberg,,
Lars Büchel,,
Hiroshi Aoyama,Kazumi Fukushima,Jim Stenstrum
Don Michael Paul,,
Edgar Wright,,
Wes Craven,,
Wes Craven,,
Billy Corben,,
Gary Mak,,
John Stockwell,,
Malik Bendjelloul,,
Dominic Sena,,
Raúl Campos,Jan Suter,
Rik Reinholdtsen,,
Manny Rodriguez,,
Joe DeMaio,,
Jay Chou,,
Billy Ray,,
Peter Sullivan,,
Advait Chandan,,
Kasia Uscinska,,
Susannah Ward,,
Sam Taplin,,
Kasia Uscinska,,
Vicky Matthews,,
Susannah Ward,,
Sam Taplin,,
Vicky Matthews,,
Vicky Matthews,Gareth Sacala,
Louise Wardle,,
Alain Desrochers,,
Stefon Bristol,,
Roberta Grossman,Sophie Sartain,
Raj Babu,,
Tarsem Singh,,
Alejandra Márquez Abella,,
Ozan Açıktan,,
Asif Kapadia,,
Benson Lee,,
Kenneth Müller,,
Claire Scanlon,,
Liu Jiang,,
Mike Gunther,,
Neal Brennan,,
Ryan Polito,,
R. Kannan,,
Biodun Stephen,,
Chris Eigeman,,
Gabriele Muccino,,
Cathy Garcia-Molina,,
Daniel Sánchez Arévalo,,
Sylvie Verheyde,,
Antonio Serrano,,
Michael Tiddes,,
Max Martini,,
Jean-Bernard Marlin,,
Leena Yadav,,
Zhang Yimou,,
Sudesh Manjrekar,,
Bejoy Nambiar,,
Krishna Vamshi,,
Dibakar Banerjee,,
Teng Huatao,,
Gurudev Bhalla,,
Herman Yau,,
David R. Ellis,,
Chris Sivertson,,
Samar Khan,,
Nate Adams,Adam Carolla,
Måns Mårlind,Björn Stein,
Oliver Schmitz,,
Guy Ritchie,,
Cathy Garcia-Molina,,
Spike Lee,,
Jim Field Smith,,
Latif Faiziyev,Umesh Mehra,
Oren Uziel,,
Sandi Tan,,
Ram Gopal Varma,,
Parambrata Chatterjee,,
Apoorva Lakhia,,
Raymond McGrath,,
Adele K. Thomas,Richard Bailey,
Richard Bailey,,
Raj Nidimoru,Krishna D.K.,
Jitendra Tiwari,Pranav Singh,
Destin Daniel Cretton,,
Amitabha Singh,,
Robert Rodriguez,,
Ric Roman Waugh,,
Barney Clay,,
Jason Moore,,
Amit Barot,,
Adarsh Eshwarappa,,
Banjong Pisanthanakun,Parkpoom Wongpoom,
Fernando Ayllón,,
Fabio Grassadonia,Antonio Piazza,
Vivek Wagh,,
Ian Samuels,,
Gaurav Narayanan,,
Timothy Woodward Jr.,,
Limbert Fabian,Brandon Oldenburg,
M.J. Bassett,,
Jason Cohen,,
Julia Knowles,,
Jan Suter,Raúl Campos,
Robert Rodriguez,Frank Miller,
Nuhash Humayun,Syed Ahmed Shawki,Rahat Rahman
Shakti Samanta,,
Anil Sharma,,
Raditya Dika,,
Robert Kouba,,
Ciarán Foy,,
Dorian Fernández-Moris,,
Gregg Bishop,,
Sean Hanish,,
Corey Grant,,
Wenn V. Deramas,,
Ekachai Uekrongtham,,
Eduardo Casanova,,
Renny Harlin,,
Kevin MacDonald,,
Ringo Lam,,
Fredric Lean,,
Colin Strause,Greg Strause,
Andrea Molaioli,,
Leslye Headland,,
Billy Bob Thornton,,
Phillip Noyce,,
Eric Aghimien,,
John Maclean,,
Evan Katz,,
Joe Dante,,
Ian Nelms,Eshom Nelms,
Noam Murro,,
Alberto Rodríguez,,
Alex Winter,,
Fred Olen Ray,,
Chris Koch,,
Bong Joon Ho,,
Imtiaz Ali,,
Jonathan Ignatius Green,,
Hanung Bramantyo,,
Raúl Campos,Jan Suter,
Raúl Campos,Jan Suter,
Latif Faiziyev,Umesh Mehra,
Bejoy Nambiar,,
Hugo Stuven,,
Alfonso Cuarón,,
Ron Howard,,
Ron Howard,,
Michael J. Bassett,,
Ian MacAllister-McDonald,,
Jennifer Kaytin Robinson,,
Carlo Padial,,
Nancy Meyers,,
Priyadarshan,,
Kevin Layne,,
Kevin Layne,,
Julius Avery,,
Ivan Ayr,,
Jeffrey C. Bell,,
Shaad Ali,,
Juan Antonio de la Riva,,
David Allensworth,Monière,
Jerry Rothwell,Reuben Atlas,
Clint Eastwood,,
Emilio Martínez Lázaro,,
Sam O'Steen,,
Samuel Jouy,,
Neeraj Pandey,,
Ricky Gervais,,
Nic Mathieu,,
Dan Harris,,
Mark Sloper,,
Alex Israel,,
Sam Raimi,,
Peter Ramsey,Rodney Rothman,Bob Persichetti
David Fairhead,Anthony Palmer,
Anthony Abrams,Adam Larson Broder,
Joe Dante,,
Bernie Denk,,
Harmony Korine,,
Thom Zimny,,
Robert Rodriguez,,
Robert Rodriguez,,
Robert Rodriguez,,
Robert Rodriguez,,
Javier Ruiz Caldera,,
A.R. Murugadoss,,
Darren Lynn Bousman,,
Christopher Ray,,
Adam Alleca,,
Alison E. Rose,,
Rian Johnson,,
David Mackenzie,,
Todd Phillips,,
Olivia M. Lamasan,,
Michèle Ohayon,,
Ola Flyum,David Hebditch,
Yang Woo-seok,,
Adam McKay,,
Wael Ihsan,,
Charles Stone III,,
Akiva Goldsman,,
Maximilian Erlenwein,,
Danny Boyle,,
Marcus Raboy,,
Arjun Gourisaria,Moinak Biswas,
Chatchai Katenut,Manussa Vorasingha,Tanwarin Sukkhapisit
Jon J. Whelan,,
Brad Anderson,,
Alex Holmes,,
Anurag Basu,,
Raj B. Shetty,,
Arthur Allan Seidelman,,
Katherine Dieckmann,,
Jean-Cosme Delaloye,,
Amar Kaushik,,
Leïla Sy,Kery James,
Victor Cook,,
Baz Luhrmann,,
Ester Gould,Reijer Zwaan,
Ivan Reitman,,
Yance Ford,,
Afonso Poyart,,
Irek Dobrowolski,,
Rob Minkoff,,
Rob Minkoff,,
Matt Tyrnauer,,
Jumpei Mizusaki,Koji Morimoto,Michael Arias
J.M. Berrios,,
Stefano Sollima,,
Chayanop Boonprakob,,
Zakariya,,
Sarah Gavron,,
Benny Fredman,,
Saul Dibb,,
Kasper Barfoed,,
Jennifer Morrison,,
Ramón Salazar,,
Valli Bindana,,
Partho Sen-Gupta,,
Sumit Das,,
Kevin Phillips,,
Thiagarajan Kumararaja,,
Jacob Joice,,
Steve Ball,,
Jacob Joice,Steve Ball,
Indra Kumar,,
Greg Mottola,,
Gordon Parks,,
Jeannot Szwarc,,
Jesse Warn,,
Javier Ruiz Caldera,,
Bryan Singer,,
Phil Sgriccia,,
Bruce McCulloch,,
Mangesh Kanthale,,
Tanuja Chandra,,
Angga Dwimas Sasongko,,
Ash Brannon,Chris Buck,
Kuntz Agus,,
Hanung Bramantyo,Meisa Felaroze,
Matthew Cooke,,
Anthony Caronna,Alexander Smith,
Matt Wechsler,,
Rocky Soraya,Anggy Umbara,
Jang Jae-hyun,,
Ashutosh Gowariker,,
Basu Chatterjee,,
Mike Smith,John Paul Tremblay,Robb Wells
Warren P. Sonoda,,
Tim Burton,,
Jamie M. Dagg,,
J.D. Dillard,,
Ann Deborah Fishman,,
Dan Kwan,Daniel Scheinert,
Derek Yee,,
Cheh Chang,,
Dominic Sena,,
Subhash Ghai,,
Aamir Khan,,
Santosh Sivan,,
Pat Healy,,
Michael Dowse,,
Han Qing,,
Chester Tam,,
Alison Klayman,,
John Luessenhop,,
Reema Kagti,,
Rusty Cundieff,Darin Scott,
Nzingha Stewart,,
Sian Heder,,
Navneet Behal,,
Imtiaz Ali,,
Aanand Rai,,
Ram,,
Raditya Dika,,
Julien Seri,,
Chris Buck,Kevin Lima,
Brian Smith,,
Sameh Abdulaziz,,
Don Omope,,
Federico D'Alessandro,,
Martin Scorsese,,
Paul Dugdale,,
Ryu Jung-woo,,
Ribhu Dasgupta,,
Sonia Lowman,,
Jon Greenhalgh,,
Antoine Fuqua,,
Tanawat Aiemjinda,,
Ahsan Rahim,,
Dar Gai,,
Leena Yadav,,
John Carchietta,,
Kevin Munroe,,
Michael Pressman,,
Steve Barron,,
Farah Khan,,
Ed Perkins,,
Einar Gabbassov,,
Michael Barrett,,
Natalia Garagiola,,
Jevons Au,Zune Kwok,Chow Kwun-wai
Mandeep Kumar,,
Jonathan Mostow,,
McG,,
Yann Arthus-Bertrand,Michael Pitiot,
Damien Leone,,
Sukhbir Singh,,
Priyadarshan,,
Dheeraj Berry,,
Vijay,,
Anees Bazmee,,
Antoinette Jadaone,,
Felix Herngren,Måns Herngren,
Nate Adams,Adam Carolla,
Rocky Soraya,,
Rocky Soraya,,
Mitzi Vanessa Arreola,Amir Galvan Cervera,
Ding-Lin Wang,,
Roger Russell,,
Matthew Shoychet,,
Pamela Romanowsky,,
Geoff Anderson,,
Robert Rodriguez,,
Steven Spielberg,,
Esteban Sapir,,
Julien Rambaldi,,
Ian Edelman,,
Jee-woon Kim,,
Elías León,,
Wenn V. Deramas,,
Bert Marcus,,
Andrew Douglas,,
Ariel Vromen,,
Sameh Abdulaziz,,
Federico Veiroj,,
Elisa Fuksas,,
Niyi Akinmolayan,,
Maria Sadowska,,
Jonathan Sobol,,
André Øvredal,,
Michael Steiner,,
McG,,
Kurt Voelker,,
Ana Lily Amirpour,,
Elliot Hegarty,,
Keith Fulton,Louis Pepe,
Joel Coen,Ethan Coen,
Álex de la Iglesia,,
Johnnie To,,
Brian M. Conley,Nathan Ives,
Chapman Way,Maclain Way,
John Ford,,
Dante Lam,,
Estela Renner,,
Tommy Avallone,,
Eduardo Chauvet,,
Eduardo Chauvet,,
Eduardo Chauvet,,
D Ho,,
Reginald Hudlin,,
Kavi Raz,,
Rolfe Kanefsky,,
Osgood Perkins,,
Philippe Falardeau,,
Kirby Dick,,
Christopher Murray,,
Bolanle Austen-Peters,,
Sofia Coppola,,
Alastair Fothergill,,
Vishal Bhardwaj,,
Elle-Máijá Tailfeathers,Kathleen Hepburn,
Kevin Ford,Smriti Keshari,Eric Schlosser
Albert Hughes,Allen Hughes,
Olivier Loustau,,
Andy Tennant,,
Richard Kelly,,
Mark Herman,,
Eric Bross,,
Chiwetel Ejiofor,,
William Kaufman,,
Neil Jordan,,
Ken Kushner,,
Nora Twomey,,
Jackie van Beek,Madeleine Sami,
Peyton Reed,,
Dan Villegas,,
Kunle Afolayan,,
You-Jeong Chang,,
Terry Gilliam,,
Errol Morris,,
Rob Reiner,,
Husam El-Gohari,,
"Sam ""Blitz"" Bazawule",,
Yılmaz Erdoğan,,
Stacy Title,,
Meghan O'Hara,,
Ofir Raul Graizer,,
Bumpy,,
Atom Egoyan,,
Sean Menard,,
Jon Gunn,,
Tony Collingwood,,
Tarek Al Eryan,,
Kunle Afolayan,,
Craig Moss,,
Magdy Al-Hawwary,,
Antonio Chavarrías,,
Michel Tikhomiroff,,
David Pablos,,
John Stephenson,,
Clay Kaytis,,
Michael Buster,,
Norman Jewison,,
Dito Montiel,,
Ludovic Bernard,,
Julius Onah,,
Thomas Vinterberg,,
John Wells,,
Harvey Lowry,,
Robert Kenner,Taki Oldham,
Bob Nelson,,
Ari Folman,,
James Wan,,
Amr Arafa,,
Andrew Fleming,,
Jennifer Beamish,Toby Trackman,
Julien Leclercq,,
Kirk De Micco,Chris Sanders,
Alex Proyas,,
Marek Piwowski,,
Neil Jordan,,
Randall Lobb,,
Jarrad Paul,Andrew Mogel,
Satish Manwar,,
Ifa Isfansyah,,
Tom Hooper,,
Frank Oz,Jim Henson,
Tariq Khan,,
Simon Stone,,
Peter Mortimer,Josh Lowell,
David France,,
Jesse V. Johnson,,
Martin Scorsese,,
Cecilia Atán,Valeria Pivato,
Blair Hayes,,
William Friedkin,,
William Brent Bell,,
Stephanie Soechtig,Jeremy Seifert,
Filip Renc,,
Alistair Legrand,,
Jeff Tremaine,,
Charlie McDowell,,
Gastón Duprat,Mariano Cohn,
Rocky Soraya,,
Rocky Soraya,,
Steven Brill,,
Riri Riza,,
Bette Gordon,,
Woo Min-ho,,
Saul Dibb,,
Kieran Darcy-Smith,,
Jay Chandrasekhar,,
Robert Berlinger,,
Petra Costa,,
Kelly Fremon Craig,,
Paul Andrew Williams,,
Hideaki Anno,Kazuya Tsurumaki,
James Ponsoldt,,
Justin Benson,Aaron Moorhead,
Sam Raimi,,
David Leveaux,,
Nicolas Pesce,,
Jesse Moss,,
Michael Samuels,,
David Sington,,
Jenée LaMarque,,
David O. Russell,,
Kunle Afolayan,,
David R. Ellis,,
Omoni Oboli,,
Coerte Voorhees,John Voorhees,
Rodrigo Van Der Put,,
Hugh WIlson,,
Mark Tonderai,,
Cheh Chang,,
Glen Winter,,
Brian Levant,,
Brian Levant,,
Meng Hua Ho,,
Rob Minkoff,,
Peter Nicks,,
Sion Sono,,
Oliver Frampton,,
Toa Fraser,,
Rob Burnett,,
Raúl Arévalo,,
David Fincher,,
Louie Psihoyos,,
Makoto Shinkai,,
Nia Dinata,,
Mario Mattei,,
Aitor Arregi,Jon Garaño,
Sam Raimi,,
Jun Lana,,
Ibai Abad,,
Doron Paz,Yoav Paz,
Paul Shoulberg,,
Kasra Farahani,,
Neal Brennan,,
David Batty,,
David Batty,,
David Batty,,
David Batty,,
Wong Kar Wai,,
Andy Devonshire,,
Shakti Samanta,,
Karim Amer,Jehane Noujaim,
Yee Tung-Shing,,
John Dahl,,
Eli Roth,,
Gary Wang,,
Mike Newell,,
Keoni Waxman,,
Quentin Tarantino,,
Quentin Tarantino,,
Michael G. Kehoe,,
Mickey Liddell,,
Maya Gallus,,
Chad Archibald,,
Zoe Berriatúa,,
Mark Columbus,Lauren Hoekstra,Sarah Kruchowski
John Lee Hancock,,
Kiko Cruz Claverol,Patricia Font,
Bradley Walsh,,
Gonzalo López-Gallego,,
Note Chern-Yim,,
Milind Rau,,
Manolo Caro,,
Damani Baker,,
Rudradeep Bhattacharjee,,
Rob W. King,,
Lasse Hallström,,
Rob Cohen,,
Vlad Yudin,,
Terry Gilliam,,
Isaac Ezban,,
Jim Strouse,,
Philip Einstein Lipski,Jørgen Lerdam,Amalie Næsby Fick
Brad Bird,,
Dennis Rovira van Boekholt,,
Steven Soderbergh,,
Andrew Fleming,,
Anne Fontaine,,
Femi Oyeniran,Kalvadour Peterson,
Femi Oyeniran,Nicky Slimting Walker,
Craig Monahan,,
Ricky Gervais,Matthew Robinson,
Fernando González Molina,,
Paulo Oriol,,
Karyn Kusama,,
Martin Scorsese,,
Phyllida Lloyd,,
Toka McBaror,,
Kief Davidson,Richard Ladkani,
Benjamin Cohen,Nicolas Cotto,
Robin Swicord,,
Bronwen Hughes,,
Riri Riza,,
Harald Zwart,,
Karen Moncrieff,,
Marcelo Galvão,,
Sara Colangelo,,
David Michôd,,
Tom Hooper,,
Vince Marcello,,
Monika Mitchell,,
Alejandro Agresti,,
Timothy Reckart,,
Qaushiq Mukherjee,,
Nicole Holofcener,,
Pieter-Jan De Pue,,
Tony Scott,,
Gillian Armstrong,,
Daniel Stamm,,
Sean Penn,,
Rodrigo Van Der Put,,
Eduardo Mendoza de Echave,,
Greg Pritikin,,
Mark Craig,,
Dennis Scholl,Kareem Tabsch,
Rodrigo Salomón,Pietro Scappini,
Raz Degan,,
William Bindley,,
Rob Smat,,
Steven Soderbergh,,
Mateo Gil,,
Jody Hill,,
Peter Spirer,,
Theo Love,,
Manish Jha,,
Gerardo Olivares,,
Vibeke Idsøe,,
Jeff Baena,,
Blake Harris,Chris Bouchard,
Mark Osborne,,
Kepa Sojo,,
Florian Henckel von Donnersmarck,,
Yorgos Lanthimos,,
Brian O'Malley,,
Mike Diva,Akiva Schaffer,
Jay Lyons,,
Robert Aldrich,,
Fred Durst,,
Joshua Oppenheimer,,
Peter Jackson,,
Peter Jackson,,
Israel Adrián Caetano,,
Nuel Naval,,
Marco Schnabel,,
Azazel Jacobs,,
Roland Joffé,,
Robert Cannan,Ross Adam,
Stanisław Różewicz,,
Johnny To,,
Robert Tate,,
Vasan Bala,,
John Mikulak,Joshua Brown,
Marco Bonfanti,,
Tony Datis,,
Michael Barnett,,
Martin Campbell,,
Will Eisenberg,,
Paul Thomas Anderson,,
Lilly Wachowski,Lana Wachowski,
Lilly Wachowski,Lana Wachowski,
Lilly Wachowski,Lana Wachowski,
Yayo Herrero,,
Ken Burns,Christopher Loren Ewers,Erik Ewers
Park In-je,,
Albert Sharpe,,
Matías Bize,,
William Wyler,,
Grant Heslov,,
Noah Baumbach,,
Chi Keung Fung,,
Andreas Pichler,,
Olivia M. Lamasan,,
Edward Cotterill,,
Mads Matthiesen,,
Bryan Bertino,,
John Banas,,
Franck Ribière,,
Tommy O'Haver,,
Ian Cheney,,
Manuel Martín Cuenca,,
Michael Radford,,
David Zucker,,
David Zucker,,
Barry Levinson,,
Stuart Heisler,,
Carly Stone,,
Isaki Lacuesta,Isa Campo,
Timo Tjahjanto,,
Stefan Aust,Dirk Laabs,
Lasse Hallström,Joe Johnston,
Baltasar Kormákur,,
Everardo González,,
Charlie McDowell,,
Wenn V. Deramas,,
Matt Angel,Suzanne Coote,
Spike Lee,,
Mike Fleiss,,
Orson Welles,,
Peter Hutchings,,
Timothy Woodward Jr.,,
Martin Zandvliet,,
Jake Szymanski,,
John Duigan,,
Ben A. Williams,,
Mimi Leder,,
Alan J. Pakula,,
Chris Nelson,,
Jean-Pierre Devillers,,
Luis Estrada,,
Richard Shepard,,
Joel Schumacher,,
Mar Targarona,,
Philipp Stölzl,,
Shawn Levy,,
Peggy Holmes,,
Bryan Buckley,,
Leslie Iwerks,,
Derek Cianfrance,,
Keerthi,,
Ahmad El-Badri,,
Maya Forbes,,
Randall Lobb,Robert McCallum,
Chan-sang Lim,,
Teddy Lussi-Modeste,,
Brian A. Miller,,
Ron Clements,John Musker,
Na Hyeon,,
Sophon Sakdaphisit,,
John Papola,,
Gabriele Muccino,,
Grant Korgan,Brian Niles,
Laura Brownson,,
Riri Riza,,
Francis Ford Coppola,,
Miriam Chandy Menacherry,,
Kevin Derek,,
Shaina Allen,,
Jonás Trueba,,
Gideon Raff,,
Heber Cannon,Mariah Moore,Marston Sawyers
Alison MacLean,,
Ahmed Al-Badry,,
Choi Jin-seong,,
Joram Lürsen,,
Steve Barker,,
Frank Coraci,,
Dejan Zečević,,
Hadi El Bagoury,,
Gore Verbinski,,
Lone Scherfig,,
David Bruckner,,
N.D. Wilson,,
Curtis Hanson,,
Paul Dugdale,,
David Michôd,,
Igor Kovalyov,Norton Virgien,
Bruce Robinson,,
Austin Stark,,
Cal Seville,,
Renato De Maria,,
John Herzfeld,,
Phillip Noyce,,
Ernie Barbarash,,
Kristian Levring,,
Wayne Blair,,
Frank Oz,,
Gus Van Sant,,
Stephen Amezdroz,,
Raffi Ahmad,Arie Azis,
Drew Heriot,,
Chris Renaud,,
Noriyuki Abe,,
Tiller Russell,,
Abhishek Sharma,,
Josh Greenbaum,,
Richie Smyth,,
William Eubank,Will Eubank,
Gajendra Ahire,,
Gajendra Ahire,,
John R. Leonetti,,
Isaac Ezban,,
Sunil Soraya,,
Samu Fuentes,,
Shonali Bose,,
Sebastián Schindel,,
Peter Chelsom,,
James Ponsoldt,,
Mark Waters,,
Krzysztof Zanussi,,
Thomas Meadmore,,
Jehane Noujaim,,
Noah Baumbach,,
Kyle Patrick Alvarez,,
Orson Welles,,
Steven R. Monroe,,
Cosmo Feilding-Mellen,,
Stephan Rick,,
Joyce Bernal,,
Will Lockhart,Cole D. Pruitt,
Tony Scott,,
Anthony Minghella,,
Daniel Burman,,
Tobe Hooper,,
James Marsh,,
Mohammed El-Tahawy,Mohamed Mostafa,
Jason Paul Laxamana,,
Lena Khan,,
Leanne Gater,,
Simon Wells,,
Robert Schwentke,,
Lennart Ruff,,
Florian Henckel von Donnersmarck,,
Tamta Gabrichidze,,
Erik White,,
Julio Medem,,
Fernando Colomo,,
Brendan Malloy,Emmett Malloy,
David Koepp,,
Michael Winterbottom,,
Ben Brewer,Alex Brewer,
David Briggs,,
Kevin Donovan,,
Corey Yuen,Patrick Leung,
Fernando Meirelles,,
Robert Luketic,,
Poj Arnon,,
Jean-Pierre Dardenne,Luc Dardenne,
Errol Morris,,
Maryo J. De los Reyes,,
Jennifer M. Kroot,,
Dan Bush,,
Odunlade Adekola,,
Ken Burns,Lynn Novick,
Bauddhayan Mukherji,,
Ossama Abu El Atta,Tarek Al Eryan,
Frant Gwo,,
Daniel Calparsoro,,
Russell Crowe,,
Jay Russell,,
Frank Coraci,,
Chito S. Roño,,
Kemi Adetiba,,
Niyi Akinmolayan,,
Robert Smigel,,
Orlando von Einsiedel,,
Manika Sharma,,
Robert Eggers,,
Kyle Rankin,,
Antonin Baudry,,
Neil Rawles,,
Emil Ben-Shimon,,
Laurent Cantet,,
Michael Apted,,
Romain Gavras,,
Brian Baugh,,
Victoria Bromley,,
Ali F. Mostafa,,
George Mendeluk,,
Peter Foott,,
Sze Yu Lau,,
Abhishek Sharma,,
Peter Svatek,,
Saheed Arafath,,
Sundar C.,,
Charlotte Zwerin,,
Peter Hutchings,,
John Asher,,
David Shisgall,,
Yvan Attal,,
Morgan Neville,,
Patricia Ferreira,,
Derek Hui,,
Wim Bonte,,
Raam Reddy,,
Bin Bunluerit,,
Taika Waititi,,
Benjamin Ross,,
Stephen Hopkins,,
Johnnie To,,
Mohamed Hamdy,,
Dallas Jackson,,
Mukesh Vohra,,
Jordan Ross,,
William Wyler,John Sturges,
Linda Mendoza,,
Kristina Goolsby,Ashley York,
Tig Notaro,,
Sartaj Singh Pannu,,
Hernán Belón,,
Li Jun,,
Aditya Kripalani,,
Cho Li,Chen Hung-yi,Weica Wang
Ellen Brown,,
Matt Askem,,
Matt Askem,,
Sameer Vidwans,,
Sebastián Hofmann,,
Mark Dennis,Ben Foster,
Juan Pablo Buscarini,,
Sonny Marler,,
Steve Loter,,
Susan Johnson,,
Sorin Dan Mihalcescu,,
Edward Ellis,Flor Salcedo,Aaron Woolf
Josh Aronson,,
Myriam Aziza,,
Marti Noxon,,
Beeban Kidron,,
Michael Cumming,,
Vicente Villanueva,,
Jay Chapman,,
Scott Moran,,
Jay Chapman,,
Raúl Campos,Jan Suter,
Mariano Cohn,Gastón Duprat,
Shree Narayan Singh,,
Kyoko Miyake,,
Phil Roman,,
Rob Zombie,,
Jay Chapman,,
Jay Karas,,
Jay Karas,,
Roger Spottiswoode,,
Joe Berlinger,,
Buzz Kulik,,
Buddhadev Dasgupta,,
Kike Maíllo,,
Warren P. Sonoda,,
Aditya Kripalani,,
Daniel Benmayor,,
Ryan Polito,,
Madhur Bhandarkar,,
Mike Smith,John Paul Tremblay,Robb Wells
Mike Smith,John Paul Tremblay,Robb Wells
Mike Clattenburg,,
Gary Howsam,Mike Smith,John Paul Tremblay
Mike Clattenburg,,
Norm Hiscock,Gary Howsam,Mike Smith
Mike Clattenburg,,
Mike Clattenburg,,
Sukum Maetawanitch,,
Sang-ho Yeon,,
Danny Boyle,,
Jeffrey Nachmanoff,,
Adam Leon,,
Wally Pfister,,
Michael Del Monte,,
Stephen Daldry,,
Richard Bates Jr.,,
Bedran Güzel,,
White Trash Tyler,,
Sam Hobkinson,,
Jon Reiner,Brad Rothschild,
Ron Underwood,,
S.S. Wilson,,
Brent Maddock,,
S.S. Wilson,,
Don Michael Paul,,
Don Michael Paul,,
Adam Smith,,
David Paul Meyer,,
David Paul Meyer,,
Shyam Benegal,,
Mukul Anand,,
Jitender Pawar,,
J.C. Chandor,,
Jesse V. Johnson,Jesse Johnson,
Richard Michaels,,
Joel Crawford,,
Shaul Schwarz,Christina Clusiau,
Wolfgang Petersen,,
Tekin Girgin,,
Pramod Pawar,,
Henry Hathaway,,
Jeff Wadlow,,
Preston A. Whitmore II,,
Nick Simon,,
Milind Dhaimade,,
Eli Craig,,
Chandrakant Kulkarni,,
Kabir Sadanand,,
Mana Yasuda,,
Jung Ji-woo,,
Frank Capra,John Huston,Hugh Stewart
Seong-hun Kim,,
David Soren,,
Kevin Smith,,
Hidetaka Inazuka,,
To-hoi Kong,,
Buz Wallick,,
Álvaro Longoria,Gerardo Olivares,
Gary Young,,
Kim Nguyen,,
Susan Lambert,Stefan Moore,
James Toback,,
Pawan Kumar,,
Vikramaditya Motwane,,
Abhishek Chaubey,,
Anurag Kashyap,,
Sachin Kamlakar Khot,,
Naresh Saigal,,
Prashant Nair,,
Claude Lelouch,,
Benedict Andrews,,
Paul Feig,,
Michael Mazzola,,
Jota Linares,,
Svati Chakravarty Bhatkal,,
Agustí Villaronga,,
Paul Taublieb,Jon Freeman,
Ahmed Zain,,
Daniel Lindsay,T.J. Martin,
Chris Burkard,,
Dan Forrer,,
Archie Borders,,
Babak Anvari,,
Jonathan Glazer,,
Leslie Small,,
Erik Canuel,,
John Ford,,
Téo Frank,,
Paul Andrew Williams,,
Brie Larson,,
Sanjay Patel,,
Jennifer Brea,,
Sherif Mandour,,
Linda Otto,,
Zoe Berriatúa,,
Jason Reitman,,
Tope Oshin,,
Udai Singh Pawar,,
Vijay Kumar,,
Pradeep Verma,,
Rene Liu,,
Joseph Martin,,
Mohamed Hamdy,,
Mario Van Peebles,,
Manu Ashokan,,
James McTeigue,,
Manoj Beedha,,
Pete Travis,,
Akin Omotoso,,
Ram Gopal Varma,,
Ashu Trikha,,
Amanda Micheli,,
Carlos Sedes,,
Dan Gilroy,,
Carlos Algara,Alejandro Martinez-Beltran,
Paco Plaza,,
Hanung Bramantyo,,
Guntur Soeharjanto,,
Mir-Jean Bou Chaaya,,
N. Linguswamy,,
Gurinder Chadha,,
Roger Young,,
Brandon Dickerson,,
David L.G. Hughes,,
Harvey Lilley,,
Theodore Boborol,,
Gary Michael Schultz,,
Marcus Raboy,,
Marcus Raboy,,
Pankaj Batra,,
Orlando von Einsiedel,,
P.T. Kunju Muhammad,,
Ganesh Kadam,,
Yılmaz Erdoğan,Ömer Faruk Sorak,
Yılmaz Erdoğan,,
Kushal Srivastava,,
Myles Kane,Josh Koury,
Ed Lilly,,
Shannon Hartman,,
Vijay Yelakanti,,
Bilal Lashari,,
Param Gill,,
Anu Menon,,
Ayaan Mukherji,,
Robin Swicord,,
Marc Francis,Max Pugh,
Conor Allyn,,
Alex Smith,Andrew J. Smith,
Chris Buck,Jennifer Lee,Patrick Osborne
Linda Mendoza,,
Syrine Boulanouar,Nekfeu,
Philip G. Atwell,,
Hernán Zin,,
Faraz Haider,,
Steven Spielberg,,
David Michôd,,
John Michael McDonagh,,
Hadi El Bagoury,,
Jack Zagha Kababie,,
A. L. Vijay,,
Marina Zenovich,,
Tiffanie Hsu,,
Noam Murro,,
Bejoy Nambiar,,
Sidharth Malhotra,,
Gabriel Julien-Laferrière,,
Daniel Yee Heng Chan,,
Burhan Qurbani,,
Chris Stokes,,
Stacie Passon,,
David Serrano,,
Jeremiah Zagar,,
Greg MacGillivray,,
Fritz Ofner,,
Antoni Krauze,,
Reem Kherici,,
Abby Epstein,,
Chi Fat Chan,,
Ashish R. Mohan,,
Riccardo Milani,,
Stephen Donnelly,Olly Reid,Jun Falkenstein
Abel Ferrara,,
Shyam Benegal,,
Trevor Ryan,,
Alejandro Agresti,,
Benjamin Weill,,
Stanisław Różewicz,,
Michael Fahey,,
David Wain,,
Dennie Gordon,,
Huang Lei,,
Tommy Wirkola,,
Liz Garbus,,
Robert Zemeckis,,
Rebecca Harrison,,
Josh Mendoza,,
Marta Jaenes,Rosa Márquez,
Gurmmeet Singh,,
Kip Andersen,Keegan Kuhn,
Saket Behl,,
Bert Marcus,Cyrus Saidi,
Lasse Hallström,,
Rudy Soedjarwo,Riri Riza,
Ashutosh Gowariker,,
Jeremy Rush,,
Gonzalo Bendala,,
Ritu Sarin,Tenzing Sonam,
Heidi Brandenburg,Mathew Orzel,
Ari Sandel,,
Marek Kanievska,,
Scott Zabielski,,
Noah Baumbach,,
Diego Pignataro,,
Paul Raschid,,
Michael Curtiz,,
Alexandre Espigares,,
Elizabeth Wood,,
Benjamin Turner,,
Marcus Raboy,,
John Fortenberry,,
Drew Stone,,
Jota Linares,,
Martin Scorsese,,
Milla Harrison-Hansley,Alicky Sussman,
Dhruv Dhawan,,
Tudor Giurgiu,,
Frank Capra,Anatole Litvak,
Nick Moore,,
Andy Tennant,,
Barry Sonnenfeld,,
Morgan Matthews,,
Mel Stuart,,
Joe Swanberg,,
Amy Poehler,,
Pascale Lamche,,
John Duigan,,
Evgeny Afineevsky,,
Debra Granik,,
Zach Braff,,
Theo Davies,,
Adrian Murray,,
Cosima Spender,,
Omoni Oboli,,
Omoni Oboli,,
Bart Freundlich,,
Patryk Vega,,
Barak Goodman,,
Alex Zamm,,
Iginio Straffi,,
Oliver Stone,,
Storm Theunissen,,
David Guy Levy,,
Yasir Nawaz,,
Mikhil Musale,,
John Huston,,
Wyatt Cenac,,
Lawrence Kasdan,,
Hemant Gaba,Pratim D. Gupta,Sudhish Kamath
Christopher Louie,,
Jovanka Vuckovic,Annie Clark,Roxanne Benjamin
Rob Cohen,,
Lee Tamahori,,
Alfonso Cuarón,,
N. Chandra,,
Subhash Ghai,,
Umesh Mehra,,
Ksshitij Chaudhary,,
Sangeeth Sivan,,
Kedar Shinde,,
Christian De Vita,,
Peyton Reed,,
Saratswadee Wongsomphet,,
Saratswadee Wongsomphet,,
Kirati Nakintanon,,
Kevin Smith,,
Mark Risley,,
Y. Joon Chung,,
Yoo Byung-jae,,
Lee Toland Krieger,,
James Brown,,
Kenny Young,,
Ivona Juka,,
Cathy Garcia-Molina,,
Dennis Dugan,,
Brent Bonacorso,,
Jason Reitman,,
Mu Chu,,
Miguel Ángel Vivas,,
Tolga Örnek,,
Antoinette Jadaone,,
Raja Gosnell,,
Daniel Monzón,,
Mani Ratnam,,
Michael Blieden,,
Kevin Smith,,
Peter DeLuise,,
Chandra Prakash Dwivedi,,
Avadhoot Gupte,,
Aanand Rai,,
Robert O. Peters,,
Anjum Shahzad,,
Zoya Akhtar,,
Majid Al Ansari,,
Floyd Russ,,
Oskar Santos,,
Rodrigo Guardiola,Gabriel Cruz Rivas,
David Fincher,,
Satyajit Bhatkal,,
Ruben Fleischer,,
Shlok Sharma,,
Peter Hewitt,,
Pedro Morelli,,
Mozez Singh,,
Vijay Milton,,
Santwana Bardoloi,,
Atanu Ghosh,,
Onir,,
Hong-seon Kim,,
Young Jun Lee,,
Abu Bakr Shawky,,
